[ {
  "id" : 6,
  "name" : "catalog",
  "description" : "<p>Data sets and views related to catalog sales</p>",
  "searchDescription" : "Data sets and views related to catalog sales",
  "descriptionType" : "RICH_TEXT",
  "parentId" : 5
}, {
  "id" : 2,
  "name" : "customer",
  "description" : "<p>Data sets and views related with customers</p>",
  "searchDescription" : "Data sets and views related with customers",
  "descriptionType" : "RICH_TEXT",
  "parentId" : null
}, {
  "id" : 3,
  "name" : "dimensions",
  "description" : "",
  "searchDescription" : "",
  "descriptionType" : "TEXT",
  "parentId" : null
}, {
  "id" : 4,
  "name" : "inventory",
  "description" : "<p>Data sets and views related to the inventory</p>",
  "searchDescription" : "Data sets and views related to the inventory",
  "descriptionType" : "RICH_TEXT",
  "parentId" : null
}, {
  "id" : 5,
  "name" : "sales",
  "description" : "<p>Data sets and views related to sales</p>",
  "searchDescription" : "Data sets and views related to sales",
  "descriptionType" : "RICH_TEXT",
  "parentId" : null
}, {
  "id" : 7,
  "name" : "store",
  "description" : "<p>Data sets and views related to store sales</p>",
  "searchDescription" : "Data sets and views related to store sales",
  "descriptionType" : "RICH_TEXT",
  "parentId" : 5
}, {
  "id" : 8,
  "name" : "web",
  "description" : "<p>Data sets and views related with web sales</p>",
  "searchDescription" : "Data sets and views related with web sales",
  "descriptionType" : "RICH_TEXT",
  "parentId" : 5
} ]