[ {
  "id" : 1,
  "name" : "Default Group",
  "description" : "Default group to create properties.",
  "searchDescription" : "Default group to create properties.",
  "descriptionType" : "TEXT",
  "placeToShow" : "SUMMARY_TAB",
  "propertyCount" : null,
  "customOrder" : 1,
  "default" : true
}, {
  "id" : 2,
  "name" : "Ownership",
  "description" : "",
  "searchDescription" : "",
  "descriptionType" : "TEXT",
  "placeToShow" : "SUMMARY_TAB",
  "propertyCount" : null,
  "customOrder" : 2,
  "default" : false
} ]