[ {
  "id" : 1,
  "name" : "Owner",
  "description" : "Owner of the report",
  "searchDescription" : "Owner of the report",
  "descriptionType" : "TEXT",
  "type" : "TEXT",
  "possibleValues" : null,
  "interpolable" : false,
  "defaultValue" : ""
}, {
  "id" : 2,
  "name" : "Contributors",
  "description" : "",
  "searchDescription" : "",
  "descriptionType" : "TEXT",
  "type" : "TEXT",
  "possibleValues" : null,
  "interpolable" : false,
  "defaultValue" : ""
}, {
  "id" : 3,
  "name" : "Actively maintained",
  "description" : "",
  "searchDescription" : "",
  "descriptionType" : "TEXT",
  "type" : "ENUMERATION",
  "possibleValues" : "Yes|No",
  "interpolable" : false,
  "defaultValue" : "Yes"
} ]