[ {
  "databaseId" : 1,
  "serverId" : 1,
  "databaseName" : "admin",
  "databaseDescription" : "admin database",
  "searchDescription" : "admin database",
  "descriptionType" : "TEXT",
  "synchDate" : "2024-09-11T08:25:36.577+00:00",
  "lastModificationDate" : null
}, {
  "databaseId" : 2,
  "serverId" : 1,
  "databaseName" : "denodo_hol",
  "databaseDescription" : "Data Discovery and Governance workshop",
  "searchDescription" : "Data Discovery and Governance workshop",
  "descriptionType" : "TEXT",
  "synchDate" : "2024-09-11T08:25:36.591+00:00",
  "lastModificationDate" : null
}, {
  "databaseId" : 3,
  "serverId" : 1,
  "databaseName" : "denodo_hol_dg_local",
  "databaseDescription" : "Data Discovery and Governance workshop (local data sources)",
  "searchDescription" : "Data Discovery and Governance workshop (local data sources)",
  "descriptionType" : "TEXT",
  "synchDate" : "2024-09-11T08:25:36.592+00:00",
  "lastModificationDate" : null
} ]