{
  "GLOBAL_PARAMETER" : [ {
    "name" : "com.denodo.datacatalog.datapreparation.sampling.enabled",
    "value" : "YES",
    "binaryValue" : null,
    "description" : null,
    "defaultValue" : null
  }, {
    "name" : "com.denodo.datacatalog.datapreparation.sampling.sampleSize",
    "value" : "100",
    "binaryValue" : null,
    "description" : null,
    "defaultValue" : null
  }, {
    "name" : "com.denodo.datacatalog.datapreparation.sampling.method",
    "value" : "FIRST_RESULTS",
    "binaryValue" : null,
    "description" : null,
    "defaultValue" : null
  }, {
    "name" : "com.denodo.datacatalog.datapreparation.numResults",
    "value" : "100",
    "binaryValue" : null,
    "description" : null,
    "defaultValue" : null
  }, {
    "name" : "ELEMENTS_TO_SHOW",
    "value" : "BOTH",
    "binaryValue" : null,
    "description" : null,
    "defaultValue" : null
  }, {
    "name" : "BROWSE_BY_ELEMENTS",
    "value" : "SHOW_ALL",
    "binaryValue" : null,
    "description" : null,
    "defaultValue" : null
  }, {
    "name" : "RESULTS_LIST_STYLE",
    "value" : "GRID",
    "binaryValue" : null,
    "description" : null,
    "defaultValue" : null
  }, {
    "name" : "SHOW_LOGICAL_FIELD_NAMES",
    "value" : "NO",
    "binaryValue" : null,
    "description" : null,
    "defaultValue" : null
  }, {
    "name" : "SELECT_SUBCATEGORIES",
    "value" : "YES",
    "binaryValue" : null,
    "description" : null,
    "defaultValue" : null
  }, {
    "name" : "statisticsReferenceDate",
    "value" : "2024-09-11T08:58:25.096959489Z",
    "binaryValue" : null,
    "description" : null,
    "defaultValue" : null
  }, {
    "name" : "showDatabaseConnectionURIs",
    "value" : "NO",
    "binaryValue" : null,
    "description" : null,
    "defaultValue" : null
  }, {
    "name" : "intro-text-connect-tab",
    "value" : "This tab shows the connection URLs to the database using different protocols. The parts surrounded by angled brackets ('<' and '>') represent variables that should be substituted for the appropriate values.",
    "binaryValue" : null,
    "description" : null,
    "defaultValue" : null
  }, {
    "name" : "showViewConnectionURIs",
    "value" : "NO",
    "binaryValue" : null,
    "description" : null,
    "defaultValue" : null
  }, {
    "name" : "intro-text-view-connect",
    "value" : "This tab shows the connection URLs to the database and/or view using different protocols. The parts surrounded by angled brackets ('<' and '>') represent variables that should be substituted for the appropriate values.",
    "binaryValue" : null,
    "description" : null,
    "defaultValue" : null
  }, {
    "name" : "showWebServiceConnectionURIs",
    "value" : "NO",
    "binaryValue" : null,
    "description" : null,
    "defaultValue" : null
  }, {
    "name" : "intro-text-ws-connect",
    "value" : "This tab shows the connection URLs to the web service.",
    "binaryValue" : null,
    "description" : null,
    "defaultValue" : null
  }, {
    "name" : "jdbc-uri",
    "value" : "jdbc:denodo://$vdp_host:$vdp_port/$database_name?user=$user_name&password=<Your_Password_Here>",
    "binaryValue" : null,
    "description" : null,
    "defaultValue" : null
  }, {
    "name" : "odbc32bits-uri",
    "value" : "DRIVER={DenodoODBC Unicode};DATABASE=$database_name;SERVER=$vdp_host;PORT=$odbc_port;UID=<Your_UID_Here>;PWD=<Your_Password_Here>",
    "binaryValue" : null,
    "description" : null,
    "defaultValue" : null
  }, {
    "name" : "odbc64bits-uri",
    "value" : "DRIVER={DenodoODBC Unicode(x64)};DATABASE=$database_name;SERVER=$vdp_host;PORT=$odbc_port;UID=<Your_UID_Here>;PWD=<Your_Password_Here>",
    "binaryValue" : null,
    "description" : null,
    "defaultValue" : null
  }, {
    "name" : "graphql-uri",
    "value" : "$protocol://$vdp_host:$webcontainer_port/denodo-graphql-service/graphql/$database_name",
    "binaryValue" : null,
    "description" : null,
    "defaultValue" : null
  }, {
    "name" : "rest-uri",
    "value" : "$protocol://$vdp_host:$webcontainer_port/denodo-restfulws/$database_name/",
    "binaryValue" : null,
    "description" : null,
    "defaultValue" : null
  }, {
    "name" : "rest-view-uri",
    "value" : "$protocol://$vdp_host:$webcontainer_port/denodo-restfulws/$database_name/views/$view_name",
    "binaryValue" : null,
    "description" : null,
    "defaultValue" : null
  }, {
    "name" : "odata-uri",
    "value" : "$protocol://$vdp_host:$webcontainer_port/denodo-odata4-service/denodo-odata.svc/$database_name",
    "binaryValue" : null,
    "description" : null,
    "defaultValue" : null
  }, {
    "name" : "odata-view-uri",
    "value" : "$protocol://$vdp_host:$webcontainer_port/denodo-odata4-service/denodo-odata.svc/$database_name/$view_name",
    "binaryValue" : null,
    "description" : null,
    "defaultValue" : null
  }, {
    "name" : "ws-uri",
    "value" : "$protocol://$vdp_host:$webcontainer_port/$deployment_context",
    "binaryValue" : null,
    "description" : null,
    "defaultValue" : null
  }, {
    "name" : "openapi-viewer-ws-uri",
    "value" : "$protocol://$vdp_host:$webcontainer_port/swagger-ui/index.html?url=$protocol://$vdp_host:$webcontainer_port/$deployment_context/OpenAPIv3/openapi.json",
    "binaryValue" : null,
    "description" : null,
    "defaultValue" : null
  }, {
    "name" : "SHOW_TABLEAU_BUTTON",
    "value" : "YES",
    "binaryValue" : null,
    "description" : null,
    "defaultValue" : null
  }, {
    "name" : "TABLEAU_CONNECTOR_TYPE",
    "value" : "ODBC",
    "binaryValue" : null,
    "description" : null,
    "defaultValue" : null
  }, {
    "name" : "SHOW_POWERBI_BUTTON",
    "value" : "YES",
    "binaryValue" : null,
    "description" : null,
    "defaultValue" : null
  }, {
    "name" : "POWERBI_DSN",
    "value" : null,
    "binaryValue" : null,
    "description" : null,
    "defaultValue" : null
  } ],
  "EXPORT_FORMAT" : [ ]
}