{
  "referenceDate" : "2024-09-11T08:58:25.096959489Z",
  "lastUpdateDate" : "2024-09-11T08:58:25.096959489Z",
  "queryStatistics" : [ ],
  "viewStatistics" : [ {
    "id" : 4,
    "numberLoads" : 1,
    "numberExecutions" : 0,
    "numberExecutionsVdp" : 0,
    "meanAgeLoads" : 0.002739726100116968,
    "meanAgeExecutions" : 0.0,
    "meanAgeExecutionsVdp" : 0.0,
    "username" : null,
    "lastLoadDate" : "2024-09-11T08:58:29.976Z",
    "lastExecutionDate" : null
  }, {
    "id" : 4,
    "numberLoads" : 1,
    "numberExecutions" : 0,
    "numberExecutionsVdp" : 0,
    "meanAgeLoads" : 0.002739726100116968,
    "meanAgeExecutions" : 0.0,
    "meanAgeExecutionsVdp" : 0.0,
    "username" : "denodo",
    "lastLoadDate" : "2024-09-11T08:58:29.978Z",
    "lastExecutionDate" : null
  }, {
    "id" : 31,
    "numberLoads" : 4,
    "numberExecutions" : 0,
    "numberExecutionsVdp" : 0,
    "meanAgeLoads" : 0.002739726100116968,
    "meanAgeExecutions" : 0.0,
    "meanAgeExecutionsVdp" : 0.0,
    "username" : null,
    "lastLoadDate" : "2024-09-11T12:17:49.855Z",
    "lastExecutionDate" : null
  }, {
    "id" : 31,
    "numberLoads" : 2,
    "numberExecutions" : 0,
    "numberExecutionsVdp" : 0,
    "meanAgeLoads" : 0.002739726100116968,
    "meanAgeExecutions" : 0.0,
    "meanAgeExecutionsVdp" : 0.0,
    "username" : "admin",
    "lastLoadDate" : "2024-09-11T12:17:49.857Z",
    "lastExecutionDate" : null
  }, {
    "id" : 31,
    "numberLoads" : 2,
    "numberExecutions" : 0,
    "numberExecutionsVdp" : 0,
    "meanAgeLoads" : 0.002739726100116968,
    "meanAgeExecutions" : 0.0,
    "meanAgeExecutionsVdp" : 0.0,
    "username" : "denodo",
    "lastLoadDate" : "2024-09-11T12:17:23.089Z",
    "lastExecutionDate" : null
  } ],
  "webServiceStatistics" : [ {
    "id" : 1,
    "numberLoads" : 1,
    "numberExecutions" : 0,
    "numberExecutionsVdp" : 0,
    "meanAgeLoads" : 0.002739726100116968,
    "meanAgeExecutions" : 0.0,
    "meanAgeExecutionsVdp" : 0.0,
    "username" : null,
    "lastLoadDate" : "2024-09-11T08:58:33.054Z",
    "lastExecutionDate" : null
  }, {
    "id" : 1,
    "numberLoads" : 1,
    "numberExecutions" : 0,
    "numberExecutionsVdp" : 0,
    "meanAgeLoads" : 0.002739726100116968,
    "meanAgeExecutions" : 0.0,
    "meanAgeExecutionsVdp" : 0.0,
    "username" : "denodo",
    "lastLoadDate" : "2024-09-11T08:58:33.063Z",
    "lastExecutionDate" : null
  } ],
  "viewRecommendations" : [ {
    "id" : 4,
    "numberRecommendations" : 1,
    "meanAgeRecommendations" : 0.002739726100116968,
    "username" : "admin"
  }, {
    "id" : 4,
    "numberRecommendations" : 2,
    "meanAgeRecommendations" : 0.002739726100116968,
    "username" : "denodo"
  }, {
    "id" : 31,
    "numberRecommendations" : 1,
    "meanAgeRecommendations" : 0.002739726100116968,
    "username" : "admin"
  }, {
    "id" : 31,
    "numberRecommendations" : 2,
    "meanAgeRecommendations" : 0.002739726100116968,
    "username" : "denodo"
  } ],
  "webServiceRecommendations" : [ {
    "id" : 1,
    "numberRecommendations" : 1,
    "meanAgeRecommendations" : 0.002739726100116968,
    "username" : "admin"
  }, {
    "id" : 1,
    "numberRecommendations" : 2,
    "meanAgeRecommendations" : 0.002739726100116968,
    "username" : "denodo"
  } ]
}