[ {
  "id" : 1,
  "name" : "certified",
  "description" : "<p>Valid to be deployed in production</p>",
  "descriptionType" : "RICH_TEXT",
  "searchDescription" : "Valid to be deployed in production",
  "serverId" : null
}, {
  "id" : 2,
  "name" : "integration view",
  "description" : "<p>These views have passed some processing and can be used to create reports</p>",
  "descriptionType" : "RICH_TEXT",
  "searchDescription" : "These views have passed some processing and can be used to create reports",
  "serverId" : null
}, {
  "id" : 3,
  "name" : "raw",
  "description" : "<p>Raw data sets where no data cleaning has been applied yet</p>",
  "descriptionType" : "RICH_TEXT",
  "searchDescription" : "Raw data sets where no data cleaning has been applied yet",
  "serverId" : null
}, {
  "id" : 4,
  "name" : "report",
  "description" : "",
  "descriptionType" : "TEXT",
  "searchDescription" : "",
  "serverId" : null
}, {
  "id" : 5,
  "name" : "workshop project",
  "description" : "<p>This is the view we will use for the workshop</p>",
  "descriptionType" : "RICH_TEXT",
  "searchDescription" : "This is the view we will use for the workshop",
  "serverId" : null
} ]