[ {
  "viewId" : 1,
  "tagId" : 3
}, {
  "viewId" : 2,
  "tagId" : 3
}, {
  "viewId" : 3,
  "tagId" : 3
}, {
  "viewId" : 4,
  "tagId" : 3
}, {
  "viewId" : 5,
  "tagId" : 3
}, {
  "viewId" : 6,
  "tagId" : 3
}, {
  "viewId" : 7,
  "tagId" : 3
}, {
  "viewId" : 8,
  "tagId" : 3
}, {
  "viewId" : 9,
  "tagId" : 3
}, {
  "viewId" : 10,
  "tagId" : 3
}, {
  "viewId" : 11,
  "tagId" : 3
}, {
  "viewId" : 12,
  "tagId" : 3
}, {
  "viewId" : 13,
  "tagId" : 3
}, {
  "viewId" : 14,
  "tagId" : 3
}, {
  "viewId" : 15,
  "tagId" : 3
}, {
  "viewId" : 16,
  "tagId" : 3
}, {
  "viewId" : 17,
  "tagId" : 4
}, {
  "viewId" : 18,
  "tagId" : 2
}, {
  "viewId" : 19,
  "tagId" : 2
}, {
  "viewId" : 20,
  "tagId" : 2
}, {
  "viewId" : 21,
  "tagId" : 2
}, {
  "viewId" : 22,
  "tagId" : 2
}, {
  "viewId" : 23,
  "tagId" : 2
}, {
  "viewId" : 24,
  "tagId" : 2
}, {
  "viewId" : 25,
  "tagId" : 2
}, {
  "viewId" : 26,
  "tagId" : 2
}, {
  "viewId" : 27,
  "tagId" : 2
}, {
  "viewId" : 28,
  "tagId" : 2
}, {
  "viewId" : 29,
  "tagId" : 4
}, {
  "viewId" : 30,
  "tagId" : 4
}, {
  "viewId" : 31,
  "tagId" : 4
}, {
  "viewId" : 31,
  "tagId" : 5
}, {
  "viewId" : 32,
  "tagId" : 3
}, {
  "viewId" : 33,
  "tagId" : 3
}, {
  "viewId" : 34,
  "tagId" : 3
}, {
  "viewId" : 35,
  "tagId" : 3
}, {
  "viewId" : 36,
  "tagId" : 3
}, {
  "viewId" : 37,
  "tagId" : 3
}, {
  "viewId" : 38,
  "tagId" : 3
}, {
  "viewId" : 39,
  "tagId" : 3
}, {
  "viewId" : 40,
  "tagId" : 3
}, {
  "viewId" : 41,
  "tagId" : 3
}, {
  "viewId" : 42,
  "tagId" : 3
}, {
  "viewId" : 43,
  "tagId" : 3
}, {
  "viewId" : 44,
  "tagId" : 3
}, {
  "viewId" : 45,
  "tagId" : 3
}, {
  "viewId" : 46,
  "tagId" : 3
}, {
  "viewId" : 47,
  "tagId" : 3
}, {
  "viewId" : 48,
  "tagId" : 4
}, {
  "viewId" : 49,
  "tagId" : 2
}, {
  "viewId" : 50,
  "tagId" : 2
}, {
  "viewId" : 51,
  "tagId" : 2
}, {
  "viewId" : 52,
  "tagId" : 2
}, {
  "viewId" : 53,
  "tagId" : 2
}, {
  "viewId" : 54,
  "tagId" : 2
}, {
  "viewId" : 55,
  "tagId" : 2
}, {
  "viewId" : 56,
  "tagId" : 2
}, {
  "viewId" : 57,
  "tagId" : 2
}, {
  "viewId" : 58,
  "tagId" : 2
}, {
  "viewId" : 59,
  "tagId" : 2
}, {
  "viewId" : 60,
  "tagId" : 4
}, {
  "viewId" : 61,
  "tagId" : 4
}, {
  "viewId" : 62,
  "tagId" : 4
}, {
  "viewId" : 62,
  "tagId" : 5
} ]