[ {
  "viewId" : 3,
  "categoryId" : 6
}, {
  "viewId" : 4,
  "categoryId" : 2
}, {
  "viewId" : 5,
  "categoryId" : 2
}, {
  "viewId" : 6,
  "categoryId" : 3
}, {
  "viewId" : 7,
  "categoryId" : 4
}, {
  "viewId" : 10,
  "categoryId" : 4
}, {
  "viewId" : 11,
  "categoryId" : 7
}, {
  "viewId" : 12,
  "categoryId" : 3
}, {
  "viewId" : 13,
  "categoryId" : 4
}, {
  "viewId" : 15,
  "categoryId" : 8
}, {
  "viewId" : 17,
  "categoryId" : 8
}, {
  "viewId" : 18,
  "categoryId" : 6
}, {
  "viewId" : 19,
  "categoryId" : 2
}, {
  "viewId" : 20,
  "categoryId" : 2
}, {
  "viewId" : 21,
  "categoryId" : 2
}, {
  "viewId" : 22,
  "categoryId" : 4
}, {
  "viewId" : 23,
  "categoryId" : 4
}, {
  "viewId" : 25,
  "categoryId" : 4
}, {
  "viewId" : 26,
  "categoryId" : 7
}, {
  "viewId" : 27,
  "categoryId" : 4
}, {
  "viewId" : 28,
  "categoryId" : 8
}, {
  "viewId" : 29,
  "categoryId" : 7
}, {
  "viewId" : 30,
  "categoryId" : 7
}, {
  "viewId" : 31,
  "categoryId" : 2
}, {
  "viewId" : 31,
  "categoryId" : 7
}, {
  "viewId" : 34,
  "categoryId" : 6
}, {
  "viewId" : 35,
  "categoryId" : 2
}, {
  "viewId" : 36,
  "categoryId" : 2
}, {
  "viewId" : 37,
  "categoryId" : 3
}, {
  "viewId" : 38,
  "categoryId" : 4
}, {
  "viewId" : 41,
  "categoryId" : 4
}, {
  "viewId" : 42,
  "categoryId" : 7
}, {
  "viewId" : 43,
  "categoryId" : 3
}, {
  "viewId" : 44,
  "categoryId" : 4
}, {
  "viewId" : 46,
  "categoryId" : 8
}, {
  "viewId" : 48,
  "categoryId" : 8
}, {
  "viewId" : 49,
  "categoryId" : 6
}, {
  "viewId" : 50,
  "categoryId" : 2
}, {
  "viewId" : 51,
  "categoryId" : 2
}, {
  "viewId" : 52,
  "categoryId" : 2
}, {
  "viewId" : 53,
  "categoryId" : 4
}, {
  "viewId" : 54,
  "categoryId" : 4
}, {
  "viewId" : 56,
  "categoryId" : 4
}, {
  "viewId" : 57,
  "categoryId" : 7
}, {
  "viewId" : 58,
  "categoryId" : 4
}, {
  "viewId" : 59,
  "categoryId" : 8
}, {
  "viewId" : 60,
  "categoryId" : 7
}, {
  "viewId" : 61,
  "categoryId" : 7
}, {
  "viewId" : 62,
  "categoryId" : 2
}, {
  "viewId" : 62,
  "categoryId" : 7
} ]