[ {
  "propertyId" : 1,
  "visualValue" : "fgarrison",
  "searchValue" : "fgarrison",
  "viewId" : 31
}, {
  "propertyId" : 2,
  "visualValue" : "fgarrison, jmartin, pthompson",
  "searchValue" : "fgarrison, jmartin, pthompson",
  "viewId" : 31
}, {
  "propertyId" : 3,
  "visualValue" : "Yes",
  "searchValue" : "Yes",
  "viewId" : 31
}, {
  "propertyId" : 1,
  "visualValue" : "fgarrison",
  "searchValue" : "fgarrison",
  "viewId" : 62
}, {
  "propertyId" : 2,
  "visualValue" : "fgarrison, jmartin, pthompson",
  "searchValue" : "fgarrison, jmartin, pthompson",
  "viewId" : 62
}, {
  "propertyId" : 3,
  "visualValue" : "Yes",
  "searchValue" : "Yes",
  "viewId" : 62
} ]