[ {
  "id" : 15,
  "name" : "customer",
  "description" : "",
  "descriptionType" : "TEXT",
  "searchDescription" : "",
  "synchDate" : "2025-09-19T16:42:23.272+00:00",
  "lastModificationVdpData" : "2025-09-19T16:19:10.000+00:00",
  "lastModificationIsstData" : null,
  "databaseId" : 2,
  "dbName" : null,
  "fieldsTagged" : null,
  "databaseName" : "denodo_hol",
  "viewFields" : [ {
    "id" : 231,
    "name" : "c_birth_country",
    "logicalName" : null,
    "description" : "",
    "lastModificationIsst" : null,
    "vdpOrder" : 15,
    "fieldProperties" : [ {
      "viewId" : null,
      "fieldName" : null,
      "propName" : "type",
      "propValue" : "text"
    } ]
  }, {
    "id" : 232,
    "name" : "c_birth_day",
    "logicalName" : null,
    "description" : "",
    "lastModificationIsst" : null,
    "vdpOrder" : 12,
    "fieldProperties" : [ {
      "viewId" : null,
      "fieldName" : null,
      "propName" : "type",
      "propValue" : "int"
    } ]
  }, {
    "id" : 233,
    "name" : "c_birth_month",
    "logicalName" : null,
    "description" : "",
    "lastModificationIsst" : null,
    "vdpOrder" : 13,
    "fieldProperties" : [ {
      "viewId" : null,
      "fieldName" : null,
      "propName" : "type",
      "propValue" : "int"
    } ]
  }, {
    "id" : 234,
    "name" : "c_birth_year",
    "logicalName" : null,
    "description" : "",
    "lastModificationIsst" : null,
    "vdpOrder" : 14,
    "fieldProperties" : [ {
      "viewId" : null,
      "fieldName" : null,
      "propName" : "type",
      "propValue" : "int"
    } ]
  }, {
    "id" : 235,
    "name" : "c_current_addr_sk",
    "logicalName" : null,
    "description" : "",
    "lastModificationIsst" : null,
    "vdpOrder" : 5,
    "fieldProperties" : [ {
      "viewId" : null,
      "fieldName" : null,
      "propName" : "type",
      "propValue" : "int"
    } ]
  }, {
    "id" : 236,
    "name" : "c_current_cdemo_sk",
    "logicalName" : null,
    "description" : "",
    "lastModificationIsst" : null,
    "vdpOrder" : 3,
    "fieldProperties" : [ {
      "viewId" : null,
      "fieldName" : null,
      "propName" : "type",
      "propValue" : "int"
    } ]
  }, {
    "id" : 237,
    "name" : "c_current_hdemo_sk",
    "logicalName" : null,
    "description" : "",
    "lastModificationIsst" : null,
    "vdpOrder" : 4,
    "fieldProperties" : [ {
      "viewId" : null,
      "fieldName" : null,
      "propName" : "type",
      "propValue" : "int"
    } ]
  }, {
    "id" : 238,
    "name" : "c_customer_id",
    "logicalName" : null,
    "description" : "",
    "lastModificationIsst" : null,
    "vdpOrder" : 2,
    "fieldProperties" : [ {
      "viewId" : null,
      "fieldName" : null,
      "propName" : "type",
      "propValue" : "text"
    } ]
  }, {
    "id" : 239,
    "name" : "c_customer_sk",
    "logicalName" : null,
    "description" : "",
    "lastModificationIsst" : null,
    "vdpOrder" : 1,
    "fieldProperties" : [ {
      "viewId" : null,
      "fieldName" : null,
      "propName" : "type",
      "propValue" : "int"
    } ]
  }, {
    "id" : 240,
    "name" : "c_email_address",
    "logicalName" : null,
    "description" : "",
    "lastModificationIsst" : null,
    "vdpOrder" : 17,
    "fieldProperties" : [ {
      "viewId" : null,
      "fieldName" : null,
      "propName" : "type",
      "propValue" : "text"
    } ]
  }, {
    "id" : 241,
    "name" : "c_first_name",
    "logicalName" : null,
    "description" : "",
    "lastModificationIsst" : null,
    "vdpOrder" : 9,
    "fieldProperties" : [ {
      "viewId" : null,
      "fieldName" : null,
      "propName" : "type",
      "propValue" : "text"
    } ]
  }, {
    "id" : 242,
    "name" : "c_first_sales_date_sk",
    "logicalName" : null,
    "description" : "",
    "lastModificationIsst" : null,
    "vdpOrder" : 7,
    "fieldProperties" : [ {
      "viewId" : null,
      "fieldName" : null,
      "propName" : "type",
      "propValue" : "int"
    } ]
  }, {
    "id" : 243,
    "name" : "c_first_shipto_date_sk",
    "logicalName" : null,
    "description" : "",
    "lastModificationIsst" : null,
    "vdpOrder" : 6,
    "fieldProperties" : [ {
      "viewId" : null,
      "fieldName" : null,
      "propName" : "type",
      "propValue" : "int"
    } ]
  }, {
    "id" : 244,
    "name" : "c_last_name",
    "logicalName" : null,
    "description" : "",
    "lastModificationIsst" : null,
    "vdpOrder" : 10,
    "fieldProperties" : [ {
      "viewId" : null,
      "fieldName" : null,
      "propName" : "type",
      "propValue" : "text"
    } ]
  }, {
    "id" : 245,
    "name" : "c_last_review_date",
    "logicalName" : null,
    "description" : "",
    "lastModificationIsst" : null,
    "vdpOrder" : 18,
    "fieldProperties" : [ {
      "viewId" : null,
      "fieldName" : null,
      "propName" : "type",
      "propValue" : "text"
    } ]
  }, {
    "id" : 246,
    "name" : "c_login",
    "logicalName" : null,
    "description" : "",
    "lastModificationIsst" : null,
    "vdpOrder" : 16,
    "fieldProperties" : [ {
      "viewId" : null,
      "fieldName" : null,
      "propName" : "type",
      "propValue" : "text"
    } ]
  }, {
    "id" : 247,
    "name" : "c_preferred_cust_flag",
    "logicalName" : null,
    "description" : "",
    "lastModificationIsst" : null,
    "vdpOrder" : 11,
    "fieldProperties" : [ {
      "viewId" : null,
      "fieldName" : null,
      "propName" : "type",
      "propValue" : "text"
    } ]
  }, {
    "id" : 248,
    "name" : "c_salutation",
    "logicalName" : null,
    "description" : "",
    "lastModificationIsst" : null,
    "vdpOrder" : 8,
    "fieldProperties" : [ {
      "viewId" : null,
      "fieldName" : null,
      "propName" : "type",
      "propValue" : "text"
    } ]
  } ],
  "assignedToCategory" : false,
  "assignedToTag" : false
}, {
  "id" : 16,
  "name" : "customer_address",
  "description" : "",
  "descriptionType" : "TEXT",
  "searchDescription" : "",
  "synchDate" : "2025-09-19T16:42:23.273+00:00",
  "lastModificationVdpData" : "2025-09-19T16:19:10.000+00:00",
  "lastModificationIsstData" : null,
  "databaseId" : 2,
  "dbName" : null,
  "fieldsTagged" : null,
  "databaseName" : "denodo_hol",
  "viewFields" : [ {
    "id" : 249,
    "name" : "ca_address_id",
    "logicalName" : null,
    "description" : "",
    "lastModificationIsst" : null,
    "vdpOrder" : 2,
    "fieldProperties" : [ {
      "viewId" : null,
      "fieldName" : null,
      "propName" : "type",
      "propValue" : "text"
    } ]
  }, {
    "id" : 250,
    "name" : "ca_address_sk",
    "logicalName" : null,
    "description" : "",
    "lastModificationIsst" : null,
    "vdpOrder" : 1,
    "fieldProperties" : [ {
      "viewId" : null,
      "fieldName" : null,
      "propName" : "type",
      "propValue" : "int"
    } ]
  }, {
    "id" : 251,
    "name" : "ca_city",
    "logicalName" : null,
    "description" : "",
    "lastModificationIsst" : null,
    "vdpOrder" : 7,
    "fieldProperties" : [ {
      "viewId" : null,
      "fieldName" : null,
      "propName" : "type",
      "propValue" : "text"
    } ]
  }, {
    "id" : 252,
    "name" : "ca_country",
    "logicalName" : null,
    "description" : "",
    "lastModificationIsst" : null,
    "vdpOrder" : 11,
    "fieldProperties" : [ {
      "viewId" : null,
      "fieldName" : null,
      "propName" : "type",
      "propValue" : "text"
    } ]
  }, {
    "id" : 253,
    "name" : "ca_county",
    "logicalName" : null,
    "description" : "",
    "lastModificationIsst" : null,
    "vdpOrder" : 8,
    "fieldProperties" : [ {
      "viewId" : null,
      "fieldName" : null,
      "propName" : "type",
      "propValue" : "text"
    } ]
  }, {
    "id" : 254,
    "name" : "ca_gmt_offset",
    "logicalName" : null,
    "description" : "",
    "lastModificationIsst" : null,
    "vdpOrder" : 12,
    "fieldProperties" : [ {
      "viewId" : null,
      "fieldName" : null,
      "propName" : "type",
      "propValue" : "decimal"
    } ]
  }, {
    "id" : 255,
    "name" : "ca_location_type",
    "logicalName" : null,
    "description" : "",
    "lastModificationIsst" : null,
    "vdpOrder" : 13,
    "fieldProperties" : [ {
      "viewId" : null,
      "fieldName" : null,
      "propName" : "type",
      "propValue" : "text"
    } ]
  }, {
    "id" : 256,
    "name" : "ca_state",
    "logicalName" : null,
    "description" : "",
    "lastModificationIsst" : null,
    "vdpOrder" : 9,
    "fieldProperties" : [ {
      "viewId" : null,
      "fieldName" : null,
      "propName" : "type",
      "propValue" : "text"
    } ]
  }, {
    "id" : 257,
    "name" : "ca_street_name",
    "logicalName" : null,
    "description" : "",
    "lastModificationIsst" : null,
    "vdpOrder" : 4,
    "fieldProperties" : [ {
      "viewId" : null,
      "fieldName" : null,
      "propName" : "type",
      "propValue" : "text"
    } ]
  }, {
    "id" : 258,
    "name" : "ca_street_number",
    "logicalName" : null,
    "description" : "",
    "lastModificationIsst" : null,
    "vdpOrder" : 3,
    "fieldProperties" : [ {
      "viewId" : null,
      "fieldName" : null,
      "propName" : "type",
      "propValue" : "text"
    } ]
  }, {
    "id" : 259,
    "name" : "ca_street_type",
    "logicalName" : null,
    "description" : "",
    "lastModificationIsst" : null,
    "vdpOrder" : 5,
    "fieldProperties" : [ {
      "viewId" : null,
      "fieldName" : null,
      "propName" : "type",
      "propValue" : "text"
    } ]
  }, {
    "id" : 260,
    "name" : "ca_suite_number",
    "logicalName" : null,
    "description" : "",
    "lastModificationIsst" : null,
    "vdpOrder" : 6,
    "fieldProperties" : [ {
      "viewId" : null,
      "fieldName" : null,
      "propName" : "type",
      "propValue" : "text"
    } ]
  }, {
    "id" : 261,
    "name" : "ca_zip",
    "logicalName" : null,
    "description" : "",
    "lastModificationIsst" : null,
    "vdpOrder" : 10,
    "fieldProperties" : [ {
      "viewId" : null,
      "fieldName" : null,
      "propName" : "type",
      "propValue" : "text"
    } ]
  } ],
  "assignedToCategory" : false,
  "assignedToTag" : false
}, {
  "id" : 17,
  "name" : "customer_data",
  "description" : "",
  "descriptionType" : "TEXT",
  "searchDescription" : "",
  "synchDate" : "2025-09-19T16:42:23.273+00:00",
  "lastModificationVdpData" : "2025-09-19T12:09:51.000+00:00",
  "lastModificationIsstData" : null,
  "databaseId" : 2,
  "dbName" : null,
  "fieldsTagged" : null,
  "databaseName" : "denodo_hol",
  "viewFields" : [ {
    "id" : 262,
    "name" : "c_birth_country",
    "logicalName" : null,
    "description" : "",
    "lastModificationIsst" : null,
    "vdpOrder" : 15,
    "fieldProperties" : [ {
      "viewId" : null,
      "fieldName" : null,
      "propName" : "type",
      "propValue" : "text"
    } ]
  }, {
    "id" : 263,
    "name" : "c_birth_day",
    "logicalName" : null,
    "description" : "",
    "lastModificationIsst" : null,
    "vdpOrder" : 12,
    "fieldProperties" : [ {
      "viewId" : null,
      "fieldName" : null,
      "propName" : "type",
      "propValue" : "int"
    } ]
  }, {
    "id" : 264,
    "name" : "c_birth_month",
    "logicalName" : null,
    "description" : "",
    "lastModificationIsst" : null,
    "vdpOrder" : 13,
    "fieldProperties" : [ {
      "viewId" : null,
      "fieldName" : null,
      "propName" : "type",
      "propValue" : "int"
    } ]
  }, {
    "id" : 265,
    "name" : "c_birth_year",
    "logicalName" : null,
    "description" : "",
    "lastModificationIsst" : null,
    "vdpOrder" : 14,
    "fieldProperties" : [ {
      "viewId" : null,
      "fieldName" : null,
      "propName" : "type",
      "propValue" : "int"
    } ]
  }, {
    "id" : 266,
    "name" : "c_current_addr_sk",
    "logicalName" : null,
    "description" : "",
    "lastModificationIsst" : null,
    "vdpOrder" : 5,
    "fieldProperties" : [ {
      "viewId" : null,
      "fieldName" : null,
      "propName" : "type",
      "propValue" : "int"
    } ]
  }, {
    "id" : 267,
    "name" : "c_current_cdemo_sk",
    "logicalName" : null,
    "description" : "",
    "lastModificationIsst" : null,
    "vdpOrder" : 3,
    "fieldProperties" : [ {
      "viewId" : null,
      "fieldName" : null,
      "propName" : "type",
      "propValue" : "int"
    } ]
  }, {
    "id" : 268,
    "name" : "c_current_hdemo_sk",
    "logicalName" : null,
    "description" : "",
    "lastModificationIsst" : null,
    "vdpOrder" : 4,
    "fieldProperties" : [ {
      "viewId" : null,
      "fieldName" : null,
      "propName" : "type",
      "propValue" : "int"
    } ]
  }, {
    "id" : 269,
    "name" : "c_customer_id",
    "logicalName" : null,
    "description" : "",
    "lastModificationIsst" : null,
    "vdpOrder" : 2,
    "fieldProperties" : [ {
      "viewId" : null,
      "fieldName" : null,
      "propName" : "type",
      "propValue" : "text"
    } ]
  }, {
    "id" : 270,
    "name" : "c_customer_sk",
    "logicalName" : null,
    "description" : "",
    "lastModificationIsst" : null,
    "vdpOrder" : 1,
    "fieldProperties" : [ {
      "viewId" : null,
      "fieldName" : null,
      "propName" : "type",
      "propValue" : "int"
    } ]
  }, {
    "id" : 271,
    "name" : "c_email_address",
    "logicalName" : null,
    "description" : "",
    "lastModificationIsst" : null,
    "vdpOrder" : 17,
    "fieldProperties" : [ {
      "viewId" : null,
      "fieldName" : null,
      "propName" : "type",
      "propValue" : "text"
    } ]
  }, {
    "id" : 272,
    "name" : "c_first_name",
    "logicalName" : null,
    "description" : "",
    "lastModificationIsst" : null,
    "vdpOrder" : 9,
    "fieldProperties" : [ {
      "viewId" : null,
      "fieldName" : null,
      "propName" : "type",
      "propValue" : "text"
    } ]
  }, {
    "id" : 273,
    "name" : "c_first_sales_date_sk",
    "logicalName" : null,
    "description" : "",
    "lastModificationIsst" : null,
    "vdpOrder" : 7,
    "fieldProperties" : [ {
      "viewId" : null,
      "fieldName" : null,
      "propName" : "type",
      "propValue" : "int"
    } ]
  }, {
    "id" : 274,
    "name" : "c_first_shipto_date_sk",
    "logicalName" : null,
    "description" : "",
    "lastModificationIsst" : null,
    "vdpOrder" : 6,
    "fieldProperties" : [ {
      "viewId" : null,
      "fieldName" : null,
      "propName" : "type",
      "propValue" : "int"
    } ]
  }, {
    "id" : 275,
    "name" : "c_last_name",
    "logicalName" : null,
    "description" : "",
    "lastModificationIsst" : null,
    "vdpOrder" : 10,
    "fieldProperties" : [ {
      "viewId" : null,
      "fieldName" : null,
      "propName" : "type",
      "propValue" : "text"
    } ]
  }, {
    "id" : 276,
    "name" : "c_last_review_date",
    "logicalName" : null,
    "description" : "",
    "lastModificationIsst" : null,
    "vdpOrder" : 18,
    "fieldProperties" : [ {
      "viewId" : null,
      "fieldName" : null,
      "propName" : "type",
      "propValue" : "text"
    } ]
  }, {
    "id" : 277,
    "name" : "c_login",
    "logicalName" : null,
    "description" : "",
    "lastModificationIsst" : null,
    "vdpOrder" : 16,
    "fieldProperties" : [ {
      "viewId" : null,
      "fieldName" : null,
      "propName" : "type",
      "propValue" : "text"
    } ]
  }, {
    "id" : 278,
    "name" : "c_preferred_cust_flag",
    "logicalName" : null,
    "description" : "",
    "lastModificationIsst" : null,
    "vdpOrder" : 11,
    "fieldProperties" : [ {
      "viewId" : null,
      "fieldName" : null,
      "propName" : "type",
      "propValue" : "text"
    } ]
  }, {
    "id" : 279,
    "name" : "c_salutation",
    "logicalName" : null,
    "description" : "",
    "lastModificationIsst" : null,
    "vdpOrder" : 8,
    "fieldProperties" : [ {
      "viewId" : null,
      "fieldName" : null,
      "propName" : "type",
      "propValue" : "text"
    } ]
  }, {
    "id" : 280,
    "name" : "ca_address_id",
    "logicalName" : null,
    "description" : "",
    "lastModificationIsst" : null,
    "vdpOrder" : 20,
    "fieldProperties" : [ {
      "viewId" : null,
      "fieldName" : null,
      "propName" : "type",
      "propValue" : "text"
    } ]
  }, {
    "id" : 281,
    "name" : "ca_address_sk",
    "logicalName" : null,
    "description" : "",
    "lastModificationIsst" : null,
    "vdpOrder" : 19,
    "fieldProperties" : [ {
      "viewId" : null,
      "fieldName" : null,
      "propName" : "type",
      "propValue" : "int"
    } ]
  }, {
    "id" : 282,
    "name" : "ca_city",
    "logicalName" : null,
    "description" : "",
    "lastModificationIsst" : null,
    "vdpOrder" : 25,
    "fieldProperties" : [ {
      "viewId" : null,
      "fieldName" : null,
      "propName" : "type",
      "propValue" : "text"
    } ]
  }, {
    "id" : 283,
    "name" : "ca_country",
    "logicalName" : null,
    "description" : "",
    "lastModificationIsst" : null,
    "vdpOrder" : 29,
    "fieldProperties" : [ {
      "viewId" : null,
      "fieldName" : null,
      "propName" : "type",
      "propValue" : "text"
    } ]
  }, {
    "id" : 284,
    "name" : "ca_county",
    "logicalName" : null,
    "description" : "",
    "lastModificationIsst" : null,
    "vdpOrder" : 26,
    "fieldProperties" : [ {
      "viewId" : null,
      "fieldName" : null,
      "propName" : "type",
      "propValue" : "text"
    } ]
  }, {
    "id" : 285,
    "name" : "ca_gmt_offset",
    "logicalName" : null,
    "description" : "",
    "lastModificationIsst" : null,
    "vdpOrder" : 30,
    "fieldProperties" : [ {
      "viewId" : null,
      "fieldName" : null,
      "propName" : "type",
      "propValue" : "decimal"
    } ]
  }, {
    "id" : 286,
    "name" : "ca_location_type",
    "logicalName" : null,
    "description" : "",
    "lastModificationIsst" : null,
    "vdpOrder" : 31,
    "fieldProperties" : [ {
      "viewId" : null,
      "fieldName" : null,
      "propName" : "type",
      "propValue" : "text"
    } ]
  }, {
    "id" : 287,
    "name" : "ca_state",
    "logicalName" : null,
    "description" : "",
    "lastModificationIsst" : null,
    "vdpOrder" : 27,
    "fieldProperties" : [ {
      "viewId" : null,
      "fieldName" : null,
      "propName" : "type",
      "propValue" : "text"
    } ]
  }, {
    "id" : 288,
    "name" : "ca_street_name",
    "logicalName" : null,
    "description" : "",
    "lastModificationIsst" : null,
    "vdpOrder" : 22,
    "fieldProperties" : [ {
      "viewId" : null,
      "fieldName" : null,
      "propName" : "type",
      "propValue" : "text"
    } ]
  }, {
    "id" : 289,
    "name" : "ca_street_number",
    "logicalName" : null,
    "description" : "",
    "lastModificationIsst" : null,
    "vdpOrder" : 21,
    "fieldProperties" : [ {
      "viewId" : null,
      "fieldName" : null,
      "propName" : "type",
      "propValue" : "text"
    } ]
  }, {
    "id" : 290,
    "name" : "ca_street_type",
    "logicalName" : null,
    "description" : "",
    "lastModificationIsst" : null,
    "vdpOrder" : 23,
    "fieldProperties" : [ {
      "viewId" : null,
      "fieldName" : null,
      "propName" : "type",
      "propValue" : "text"
    } ]
  }, {
    "id" : 291,
    "name" : "ca_suite_number",
    "logicalName" : null,
    "description" : "",
    "lastModificationIsst" : null,
    "vdpOrder" : 24,
    "fieldProperties" : [ {
      "viewId" : null,
      "fieldName" : null,
      "propName" : "type",
      "propValue" : "text"
    } ]
  }, {
    "id" : 292,
    "name" : "ca_zip",
    "logicalName" : null,
    "description" : "",
    "lastModificationIsst" : null,
    "vdpOrder" : 28,
    "fieldProperties" : [ {
      "viewId" : null,
      "fieldName" : null,
      "propName" : "type",
      "propValue" : "text"
    } ]
  }, {
    "id" : 293,
    "name" : "cd_credit_rating",
    "logicalName" : null,
    "description" : "",
    "lastModificationIsst" : null,
    "vdpOrder" : 37,
    "fieldProperties" : [ {
      "viewId" : null,
      "fieldName" : null,
      "propName" : "type",
      "propValue" : "text"
    } ]
  }, {
    "id" : 294,
    "name" : "cd_demo_sk",
    "logicalName" : null,
    "description" : "",
    "lastModificationIsst" : null,
    "vdpOrder" : 32,
    "fieldProperties" : [ {
      "viewId" : null,
      "fieldName" : null,
      "propName" : "type",
      "propValue" : "int"
    } ]
  }, {
    "id" : 295,
    "name" : "cd_dep_college_count",
    "logicalName" : null,
    "description" : "",
    "lastModificationIsst" : null,
    "vdpOrder" : 40,
    "fieldProperties" : [ {
      "viewId" : null,
      "fieldName" : null,
      "propName" : "type",
      "propValue" : "int"
    } ]
  }, {
    "id" : 296,
    "name" : "cd_dep_count",
    "logicalName" : null,
    "description" : "",
    "lastModificationIsst" : null,
    "vdpOrder" : 38,
    "fieldProperties" : [ {
      "viewId" : null,
      "fieldName" : null,
      "propName" : "type",
      "propValue" : "int"
    } ]
  }, {
    "id" : 297,
    "name" : "cd_dep_employed_count",
    "logicalName" : null,
    "description" : "",
    "lastModificationIsst" : null,
    "vdpOrder" : 39,
    "fieldProperties" : [ {
      "viewId" : null,
      "fieldName" : null,
      "propName" : "type",
      "propValue" : "int"
    } ]
  }, {
    "id" : 298,
    "name" : "cd_education_status",
    "logicalName" : null,
    "description" : "",
    "lastModificationIsst" : null,
    "vdpOrder" : 35,
    "fieldProperties" : [ {
      "viewId" : null,
      "fieldName" : null,
      "propName" : "type",
      "propValue" : "text"
    } ]
  }, {
    "id" : 299,
    "name" : "cd_gender",
    "logicalName" : null,
    "description" : "",
    "lastModificationIsst" : null,
    "vdpOrder" : 33,
    "fieldProperties" : [ {
      "viewId" : null,
      "fieldName" : null,
      "propName" : "type",
      "propValue" : "text"
    } ]
  }, {
    "id" : 300,
    "name" : "cd_marital_status",
    "logicalName" : null,
    "description" : "",
    "lastModificationIsst" : null,
    "vdpOrder" : 34,
    "fieldProperties" : [ {
      "viewId" : null,
      "fieldName" : null,
      "propName" : "type",
      "propValue" : "text"
    } ]
  }, {
    "id" : 301,
    "name" : "cd_purchase_estimate",
    "logicalName" : null,
    "description" : "",
    "lastModificationIsst" : null,
    "vdpOrder" : 36,
    "fieldProperties" : [ {
      "viewId" : null,
      "fieldName" : null,
      "propName" : "type",
      "propValue" : "int"
    } ]
  } ],
  "assignedToCategory" : false,
  "assignedToTag" : false
}, {
  "id" : 18,
  "name" : "customer_demographics",
  "description" : "",
  "descriptionType" : "TEXT",
  "searchDescription" : "",
  "synchDate" : "2025-09-19T16:42:23.273+00:00",
  "lastModificationVdpData" : "2025-09-19T16:19:10.000+00:00",
  "lastModificationIsstData" : null,
  "databaseId" : 2,
  "dbName" : null,
  "fieldsTagged" : null,
  "databaseName" : "denodo_hol",
  "viewFields" : [ {
    "id" : 302,
    "name" : "cd_credit_rating",
    "logicalName" : null,
    "description" : "",
    "lastModificationIsst" : null,
    "vdpOrder" : 6,
    "fieldProperties" : [ {
      "viewId" : null,
      "fieldName" : null,
      "propName" : "type",
      "propValue" : "text"
    } ]
  }, {
    "id" : 303,
    "name" : "cd_demo_sk",
    "logicalName" : null,
    "description" : "",
    "lastModificationIsst" : null,
    "vdpOrder" : 1,
    "fieldProperties" : [ {
      "viewId" : null,
      "fieldName" : null,
      "propName" : "type",
      "propValue" : "int"
    } ]
  }, {
    "id" : 304,
    "name" : "cd_dep_college_count",
    "logicalName" : null,
    "description" : "",
    "lastModificationIsst" : null,
    "vdpOrder" : 9,
    "fieldProperties" : [ {
      "viewId" : null,
      "fieldName" : null,
      "propName" : "type",
      "propValue" : "int"
    } ]
  }, {
    "id" : 305,
    "name" : "cd_dep_count",
    "logicalName" : null,
    "description" : "",
    "lastModificationIsst" : null,
    "vdpOrder" : 7,
    "fieldProperties" : [ {
      "viewId" : null,
      "fieldName" : null,
      "propName" : "type",
      "propValue" : "int"
    } ]
  }, {
    "id" : 306,
    "name" : "cd_dep_employed_count",
    "logicalName" : null,
    "description" : "",
    "lastModificationIsst" : null,
    "vdpOrder" : 8,
    "fieldProperties" : [ {
      "viewId" : null,
      "fieldName" : null,
      "propName" : "type",
      "propValue" : "int"
    } ]
  }, {
    "id" : 307,
    "name" : "cd_education_status",
    "logicalName" : null,
    "description" : "",
    "lastModificationIsst" : null,
    "vdpOrder" : 4,
    "fieldProperties" : [ {
      "viewId" : null,
      "fieldName" : null,
      "propName" : "type",
      "propValue" : "text"
    } ]
  }, {
    "id" : 308,
    "name" : "cd_gender",
    "logicalName" : null,
    "description" : "",
    "lastModificationIsst" : null,
    "vdpOrder" : 2,
    "fieldProperties" : [ {
      "viewId" : null,
      "fieldName" : null,
      "propName" : "type",
      "propValue" : "text"
    } ]
  }, {
    "id" : 309,
    "name" : "cd_marital_status",
    "logicalName" : null,
    "description" : "",
    "lastModificationIsst" : null,
    "vdpOrder" : 3,
    "fieldProperties" : [ {
      "viewId" : null,
      "fieldName" : null,
      "propName" : "type",
      "propValue" : "text"
    } ]
  }, {
    "id" : 310,
    "name" : "cd_purchase_estimate",
    "logicalName" : null,
    "description" : "",
    "lastModificationIsst" : null,
    "vdpOrder" : 5,
    "fieldProperties" : [ {
      "viewId" : null,
      "fieldName" : null,
      "propName" : "type",
      "propValue" : "int"
    } ]
  } ],
  "assignedToCategory" : false,
  "assignedToTag" : false
}, {
  "id" : 19,
  "name" : "report_sales_by_customer",
  "description" : "",
  "descriptionType" : "TEXT",
  "searchDescription" : "",
  "synchDate" : "2025-09-19T16:42:23.273+00:00",
  "lastModificationVdpData" : "2025-09-19T12:35:24.000+00:00",
  "lastModificationIsstData" : null,
  "databaseId" : 2,
  "dbName" : null,
  "fieldsTagged" : null,
  "databaseName" : "denodo_hol",
  "viewFields" : [ {
    "id" : 311,
    "name" : "c_customer_sk",
    "logicalName" : null,
    "description" : "Represents a unique identifier for each customer within the sales data.",
    "lastModificationIsst" : null,
    "vdpOrder" : 1,
    "fieldProperties" : [ {
      "viewId" : null,
      "fieldName" : null,
      "propName" : "type",
      "propValue" : "int"
    } ]
  }, {
    "id" : 312,
    "name" : "c_email_address",
    "logicalName" : null,
    "description" : "Holds the email address of the customer, enabling communication and engagement.",
    "lastModificationIsst" : null,
    "vdpOrder" : 4,
    "fieldProperties" : [ {
      "viewId" : null,
      "fieldName" : null,
      "propName" : "type",
      "propValue" : "text"
    } ]
  }, {
    "id" : 313,
    "name" : "c_first_name",
    "logicalName" : null,
    "description" : "Indicates the first name of the customer, including names like \"Aaron\", \"Albert\", \"Alice\", and \"Alison\".",
    "lastModificationIsst" : null,
    "vdpOrder" : 2,
    "fieldProperties" : [ {
      "viewId" : null,
      "fieldName" : null,
      "propName" : "type",
      "propValue" : "text"
    } ]
  }, {
    "id" : 314,
    "name" : "c_last_name",
    "logicalName" : null,
    "description" : "Represents the last name of the customer, featuring names such as \"Fleck\", \"Granger\", \"Williamson\", and \"Williams\".",
    "lastModificationIsst" : null,
    "vdpOrder" : 3,
    "fieldProperties" : [ {
      "viewId" : null,
      "fieldName" : null,
      "propName" : "type",
      "propValue" : "text"
    } ]
  }, {
    "id" : 315,
    "name" : "ca_country",
    "logicalName" : null,
    "description" : "Denotes the country of the customer, predominantly reflecting \"United States\" in the data.",
    "lastModificationIsst" : null,
    "vdpOrder" : 5,
    "fieldProperties" : [ {
      "viewId" : null,
      "fieldName" : null,
      "propName" : "type",
      "propValue" : "text"
    } ]
  }, {
    "id" : 316,
    "name" : "total_sales",
    "logicalName" : null,
    "description" : "Represents the total sales amount associated with each customer, reflecting their contribution to overall sales.",
    "lastModificationIsst" : null,
    "vdpOrder" : 6,
    "fieldProperties" : [ {
      "viewId" : null,
      "fieldName" : null,
      "propName" : "type",
      "propValue" : "decimal"
    } ]
  } ],
  "assignedToCategory" : false,
  "assignedToTag" : false
}, {
  "id" : 20,
  "name" : "sales_by_customer",
  "description" : "The sales_by_customer view provides a detailed breakdown of sales data categorized by individual customers. It includes fields such as a unique customer identifier (c_customer_sk), first and last names (c_first_name and c_last_name), email addresses (c_email_address), the country of residence (ca_country), and the total sales amount (total_sales) attributed to each customer. This structure allows for a comprehensive analysis of customer sales, making it easier to identify trends and key contributors to the overall sales performance. This view can be utilized to analyze customer contributions to sales, identify high-value customers, and tailor marketing strategies to enhance customer engagement and sales performance.\n\nThis view calculates the total sales by each customer.",
  "descriptionType" : "TEXT",
  "searchDescription" : "The sales_by_customer view provides a detailed breakdown of sales data categorized by individual customers. It includes fields such as a unique customer identifier (c_customer_sk), first and last names (c_first_name and c_last_name), email addresses (c_email_address), the country of residence (ca_country), and the total sales amount (total_sales) attributed to each customer. This structure allows for a comprehensive analysis of customer sales, making it easier to identify trends and key contributors to the overall sales performance. This view can be utilized to analyze customer contributions to sales, identify high-value customers, and tailor marketing strategies to enhance customer engagement and sales performance. This view calculates the total sales by each customer.",
  "synchDate" : "2025-09-19T16:42:23.273+00:00",
  "lastModificationVdpData" : "2025-09-19T12:33:28.000+00:00",
  "lastModificationIsstData" : null,
  "databaseId" : 2,
  "dbName" : null,
  "fieldsTagged" : null,
  "databaseName" : "denodo_hol",
  "viewFields" : [ {
    "id" : 317,
    "name" : "c_customer_sk",
    "logicalName" : null,
    "description" : "Represents a unique identifier for each customer within the sales data.",
    "lastModificationIsst" : null,
    "vdpOrder" : 1,
    "fieldProperties" : [ {
      "viewId" : null,
      "fieldName" : null,
      "propName" : "type",
      "propValue" : "int"
    } ]
  }, {
    "id" : 318,
    "name" : "c_email_address",
    "logicalName" : null,
    "description" : "Holds the email address of the customer, enabling communication and engagement.",
    "lastModificationIsst" : null,
    "vdpOrder" : 4,
    "fieldProperties" : [ {
      "viewId" : null,
      "fieldName" : null,
      "propName" : "type",
      "propValue" : "text"
    } ]
  }, {
    "id" : 319,
    "name" : "c_first_name",
    "logicalName" : null,
    "description" : "Indicates the first name of the customer, including names like \"Aaron\", \"Albert\", \"Alice\", and \"Alison\".",
    "lastModificationIsst" : null,
    "vdpOrder" : 2,
    "fieldProperties" : [ {
      "viewId" : null,
      "fieldName" : null,
      "propName" : "type",
      "propValue" : "text"
    } ]
  }, {
    "id" : 320,
    "name" : "c_last_name",
    "logicalName" : null,
    "description" : "Represents the last name of the customer, featuring names such as \"Fleck\", \"Granger\", \"Williamson\", and \"Williams\".",
    "lastModificationIsst" : null,
    "vdpOrder" : 3,
    "fieldProperties" : [ {
      "viewId" : null,
      "fieldName" : null,
      "propName" : "type",
      "propValue" : "text"
    } ]
  }, {
    "id" : 321,
    "name" : "ca_country",
    "logicalName" : null,
    "description" : "Denotes the country of the customer, predominantly reflecting \"United States\" in the data.",
    "lastModificationIsst" : null,
    "vdpOrder" : 5,
    "fieldProperties" : [ {
      "viewId" : null,
      "fieldName" : null,
      "propName" : "type",
      "propValue" : "text"
    } ]
  }, {
    "id" : 322,
    "name" : "total_sales",
    "logicalName" : null,
    "description" : "Represents the total sales amount associated with each customer, reflecting their contribution to overall sales.",
    "lastModificationIsst" : null,
    "vdpOrder" : 6,
    "fieldProperties" : [ {
      "viewId" : null,
      "fieldName" : null,
      "propName" : "type",
      "propValue" : "decimal"
    } ]
  } ],
  "assignedToCategory" : false,
  "assignedToTag" : false
}, {
  "id" : 21,
  "name" : "store_sales",
  "description" : "",
  "descriptionType" : "TEXT",
  "searchDescription" : "",
  "synchDate" : "2025-09-19T16:42:23.273+00:00",
  "lastModificationVdpData" : "2025-09-19T12:08:31.000+00:00",
  "lastModificationIsstData" : null,
  "databaseId" : 2,
  "dbName" : null,
  "fieldsTagged" : null,
  "databaseName" : "denodo_hol",
  "viewFields" : [ {
    "id" : 323,
    "name" : "ss_addr_sk",
    "logicalName" : null,
    "description" : "",
    "lastModificationIsst" : null,
    "vdpOrder" : 7,
    "fieldProperties" : [ {
      "viewId" : null,
      "fieldName" : null,
      "propName" : "type",
      "propValue" : "int"
    } ]
  }, {
    "id" : 324,
    "name" : "ss_cdemo_sk",
    "logicalName" : null,
    "description" : "",
    "lastModificationIsst" : null,
    "vdpOrder" : 5,
    "fieldProperties" : [ {
      "viewId" : null,
      "fieldName" : null,
      "propName" : "type",
      "propValue" : "int"
    } ]
  }, {
    "id" : 325,
    "name" : "ss_coupon_amt",
    "logicalName" : null,
    "description" : "",
    "lastModificationIsst" : null,
    "vdpOrder" : 20,
    "fieldProperties" : [ {
      "viewId" : null,
      "fieldName" : null,
      "propName" : "type",
      "propValue" : "decimal"
    } ]
  }, {
    "id" : 326,
    "name" : "ss_customer_sk",
    "logicalName" : null,
    "description" : "",
    "lastModificationIsst" : null,
    "vdpOrder" : 4,
    "fieldProperties" : [ {
      "viewId" : null,
      "fieldName" : null,
      "propName" : "type",
      "propValue" : "int"
    } ]
  }, {
    "id" : 327,
    "name" : "ss_ext_discount_amt",
    "logicalName" : null,
    "description" : "",
    "lastModificationIsst" : null,
    "vdpOrder" : 15,
    "fieldProperties" : [ {
      "viewId" : null,
      "fieldName" : null,
      "propName" : "type",
      "propValue" : "decimal"
    } ]
  }, {
    "id" : 328,
    "name" : "ss_ext_list_price",
    "logicalName" : null,
    "description" : "",
    "lastModificationIsst" : null,
    "vdpOrder" : 18,
    "fieldProperties" : [ {
      "viewId" : null,
      "fieldName" : null,
      "propName" : "type",
      "propValue" : "decimal"
    } ]
  }, {
    "id" : 329,
    "name" : "ss_ext_sales_price",
    "logicalName" : null,
    "description" : "",
    "lastModificationIsst" : null,
    "vdpOrder" : 16,
    "fieldProperties" : [ {
      "viewId" : null,
      "fieldName" : null,
      "propName" : "type",
      "propValue" : "decimal"
    } ]
  }, {
    "id" : 330,
    "name" : "ss_ext_tax",
    "logicalName" : null,
    "description" : "",
    "lastModificationIsst" : null,
    "vdpOrder" : 19,
    "fieldProperties" : [ {
      "viewId" : null,
      "fieldName" : null,
      "propName" : "type",
      "propValue" : "decimal"
    } ]
  }, {
    "id" : 331,
    "name" : "ss_ext_wholesale_cost",
    "logicalName" : null,
    "description" : "",
    "lastModificationIsst" : null,
    "vdpOrder" : 17,
    "fieldProperties" : [ {
      "viewId" : null,
      "fieldName" : null,
      "propName" : "type",
      "propValue" : "decimal"
    } ]
  }, {
    "id" : 332,
    "name" : "ss_hdemo_sk",
    "logicalName" : null,
    "description" : "",
    "lastModificationIsst" : null,
    "vdpOrder" : 6,
    "fieldProperties" : [ {
      "viewId" : null,
      "fieldName" : null,
      "propName" : "type",
      "propValue" : "int"
    } ]
  }, {
    "id" : 333,
    "name" : "ss_item_sk",
    "logicalName" : null,
    "description" : "",
    "lastModificationIsst" : null,
    "vdpOrder" : 3,
    "fieldProperties" : [ {
      "viewId" : null,
      "fieldName" : null,
      "propName" : "type",
      "propValue" : "int"
    } ]
  }, {
    "id" : 334,
    "name" : "ss_list_price",
    "logicalName" : null,
    "description" : "",
    "lastModificationIsst" : null,
    "vdpOrder" : 13,
    "fieldProperties" : [ {
      "viewId" : null,
      "fieldName" : null,
      "propName" : "type",
      "propValue" : "decimal"
    } ]
  }, {
    "id" : 335,
    "name" : "ss_net_paid",
    "logicalName" : null,
    "description" : "",
    "lastModificationIsst" : null,
    "vdpOrder" : 21,
    "fieldProperties" : [ {
      "viewId" : null,
      "fieldName" : null,
      "propName" : "type",
      "propValue" : "decimal"
    } ]
  }, {
    "id" : 336,
    "name" : "ss_net_paid_inc_tax",
    "logicalName" : null,
    "description" : "",
    "lastModificationIsst" : null,
    "vdpOrder" : 22,
    "fieldProperties" : [ {
      "viewId" : null,
      "fieldName" : null,
      "propName" : "type",
      "propValue" : "decimal"
    } ]
  }, {
    "id" : 337,
    "name" : "ss_net_profit",
    "logicalName" : null,
    "description" : "",
    "lastModificationIsst" : null,
    "vdpOrder" : 23,
    "fieldProperties" : [ {
      "viewId" : null,
      "fieldName" : null,
      "propName" : "type",
      "propValue" : "decimal"
    } ]
  }, {
    "id" : 338,
    "name" : "ss_promo_sk",
    "logicalName" : null,
    "description" : "",
    "lastModificationIsst" : null,
    "vdpOrder" : 9,
    "fieldProperties" : [ {
      "viewId" : null,
      "fieldName" : null,
      "propName" : "type",
      "propValue" : "int"
    } ]
  }, {
    "id" : 339,
    "name" : "ss_quantity",
    "logicalName" : null,
    "description" : "",
    "lastModificationIsst" : null,
    "vdpOrder" : 11,
    "fieldProperties" : [ {
      "viewId" : null,
      "fieldName" : null,
      "propName" : "type",
      "propValue" : "int"
    } ]
  }, {
    "id" : 340,
    "name" : "ss_sales_price",
    "logicalName" : null,
    "description" : "",
    "lastModificationIsst" : null,
    "vdpOrder" : 14,
    "fieldProperties" : [ {
      "viewId" : null,
      "fieldName" : null,
      "propName" : "type",
      "propValue" : "decimal"
    } ]
  }, {
    "id" : 341,
    "name" : "ss_sold_date_sk",
    "logicalName" : null,
    "description" : "",
    "lastModificationIsst" : null,
    "vdpOrder" : 1,
    "fieldProperties" : [ {
      "viewId" : null,
      "fieldName" : null,
      "propName" : "type",
      "propValue" : "int"
    } ]
  }, {
    "id" : 342,
    "name" : "ss_sold_time_sk",
    "logicalName" : null,
    "description" : "",
    "lastModificationIsst" : null,
    "vdpOrder" : 2,
    "fieldProperties" : [ {
      "viewId" : null,
      "fieldName" : null,
      "propName" : "type",
      "propValue" : "int"
    } ]
  }, {
    "id" : 343,
    "name" : "ss_store_sk",
    "logicalName" : null,
    "description" : "",
    "lastModificationIsst" : null,
    "vdpOrder" : 8,
    "fieldProperties" : [ {
      "viewId" : null,
      "fieldName" : null,
      "propName" : "type",
      "propValue" : "int"
    } ]
  }, {
    "id" : 344,
    "name" : "ss_ticket_number",
    "logicalName" : null,
    "description" : "",
    "lastModificationIsst" : null,
    "vdpOrder" : 10,
    "fieldProperties" : [ {
      "viewId" : null,
      "fieldName" : null,
      "propName" : "type",
      "propValue" : "int"
    } ]
  }, {
    "id" : 345,
    "name" : "ss_wholesale_cost",
    "logicalName" : null,
    "description" : "",
    "lastModificationIsst" : null,
    "vdpOrder" : 12,
    "fieldProperties" : [ {
      "viewId" : null,
      "fieldName" : null,
      "propName" : "type",
      "propValue" : "decimal"
    } ]
  } ],
  "assignedToCategory" : false,
  "assignedToTag" : false
}, {
  "id" : 22,
  "name" : "customer",
  "description" : "",
  "descriptionType" : "TEXT",
  "searchDescription" : "",
  "synchDate" : "2025-09-19T16:42:23.273+00:00",
  "lastModificationVdpData" : "2025-09-19T11:14:26.000+00:00",
  "lastModificationIsstData" : null,
  "databaseId" : 4,
  "dbName" : null,
  "fieldsTagged" : null,
  "databaseName" : "denodo_hol_cdi_local_solution",
  "viewFields" : [ {
    "id" : 346,
    "name" : "c_birth_country",
    "logicalName" : null,
    "description" : "",
    "lastModificationIsst" : null,
    "vdpOrder" : 15,
    "fieldProperties" : [ {
      "viewId" : null,
      "fieldName" : null,
      "propName" : "type",
      "propValue" : "text"
    } ]
  }, {
    "id" : 347,
    "name" : "c_birth_day",
    "logicalName" : null,
    "description" : "",
    "lastModificationIsst" : null,
    "vdpOrder" : 12,
    "fieldProperties" : [ {
      "viewId" : null,
      "fieldName" : null,
      "propName" : "type",
      "propValue" : "int"
    } ]
  }, {
    "id" : 348,
    "name" : "c_birth_month",
    "logicalName" : null,
    "description" : "",
    "lastModificationIsst" : null,
    "vdpOrder" : 13,
    "fieldProperties" : [ {
      "viewId" : null,
      "fieldName" : null,
      "propName" : "type",
      "propValue" : "int"
    } ]
  }, {
    "id" : 349,
    "name" : "c_birth_year",
    "logicalName" : null,
    "description" : "",
    "lastModificationIsst" : null,
    "vdpOrder" : 14,
    "fieldProperties" : [ {
      "viewId" : null,
      "fieldName" : null,
      "propName" : "type",
      "propValue" : "int"
    } ]
  }, {
    "id" : 350,
    "name" : "c_current_addr_sk",
    "logicalName" : null,
    "description" : "",
    "lastModificationIsst" : null,
    "vdpOrder" : 5,
    "fieldProperties" : [ {
      "viewId" : null,
      "fieldName" : null,
      "propName" : "type",
      "propValue" : "int"
    } ]
  }, {
    "id" : 351,
    "name" : "c_current_cdemo_sk",
    "logicalName" : null,
    "description" : "",
    "lastModificationIsst" : null,
    "vdpOrder" : 3,
    "fieldProperties" : [ {
      "viewId" : null,
      "fieldName" : null,
      "propName" : "type",
      "propValue" : "int"
    } ]
  }, {
    "id" : 352,
    "name" : "c_current_hdemo_sk",
    "logicalName" : null,
    "description" : "",
    "lastModificationIsst" : null,
    "vdpOrder" : 4,
    "fieldProperties" : [ {
      "viewId" : null,
      "fieldName" : null,
      "propName" : "type",
      "propValue" : "int"
    } ]
  }, {
    "id" : 353,
    "name" : "c_customer_id",
    "logicalName" : null,
    "description" : "",
    "lastModificationIsst" : null,
    "vdpOrder" : 2,
    "fieldProperties" : [ {
      "viewId" : null,
      "fieldName" : null,
      "propName" : "type",
      "propValue" : "text"
    } ]
  }, {
    "id" : 354,
    "name" : "c_customer_sk",
    "logicalName" : null,
    "description" : "",
    "lastModificationIsst" : null,
    "vdpOrder" : 1,
    "fieldProperties" : [ {
      "viewId" : null,
      "fieldName" : null,
      "propName" : "type",
      "propValue" : "int"
    } ]
  }, {
    "id" : 355,
    "name" : "c_email_address",
    "logicalName" : null,
    "description" : "",
    "lastModificationIsst" : null,
    "vdpOrder" : 17,
    "fieldProperties" : [ {
      "viewId" : null,
      "fieldName" : null,
      "propName" : "type",
      "propValue" : "text"
    } ]
  }, {
    "id" : 356,
    "name" : "c_first_name",
    "logicalName" : null,
    "description" : "",
    "lastModificationIsst" : null,
    "vdpOrder" : 9,
    "fieldProperties" : [ {
      "viewId" : null,
      "fieldName" : null,
      "propName" : "type",
      "propValue" : "text"
    } ]
  }, {
    "id" : 357,
    "name" : "c_first_sales_date_sk",
    "logicalName" : null,
    "description" : "",
    "lastModificationIsst" : null,
    "vdpOrder" : 7,
    "fieldProperties" : [ {
      "viewId" : null,
      "fieldName" : null,
      "propName" : "type",
      "propValue" : "int"
    } ]
  }, {
    "id" : 358,
    "name" : "c_first_shipto_date_sk",
    "logicalName" : null,
    "description" : "",
    "lastModificationIsst" : null,
    "vdpOrder" : 6,
    "fieldProperties" : [ {
      "viewId" : null,
      "fieldName" : null,
      "propName" : "type",
      "propValue" : "int"
    } ]
  }, {
    "id" : 359,
    "name" : "c_last_name",
    "logicalName" : null,
    "description" : "",
    "lastModificationIsst" : null,
    "vdpOrder" : 10,
    "fieldProperties" : [ {
      "viewId" : null,
      "fieldName" : null,
      "propName" : "type",
      "propValue" : "text"
    } ]
  }, {
    "id" : 360,
    "name" : "c_last_review_date",
    "logicalName" : null,
    "description" : "",
    "lastModificationIsst" : null,
    "vdpOrder" : 18,
    "fieldProperties" : [ {
      "viewId" : null,
      "fieldName" : null,
      "propName" : "type",
      "propValue" : "text"
    } ]
  }, {
    "id" : 361,
    "name" : "c_login",
    "logicalName" : null,
    "description" : "",
    "lastModificationIsst" : null,
    "vdpOrder" : 16,
    "fieldProperties" : [ {
      "viewId" : null,
      "fieldName" : null,
      "propName" : "type",
      "propValue" : "text"
    } ]
  }, {
    "id" : 362,
    "name" : "c_preferred_cust_flag",
    "logicalName" : null,
    "description" : "",
    "lastModificationIsst" : null,
    "vdpOrder" : 11,
    "fieldProperties" : [ {
      "viewId" : null,
      "fieldName" : null,
      "propName" : "type",
      "propValue" : "text"
    } ]
  }, {
    "id" : 363,
    "name" : "c_salutation",
    "logicalName" : null,
    "description" : "",
    "lastModificationIsst" : null,
    "vdpOrder" : 8,
    "fieldProperties" : [ {
      "viewId" : null,
      "fieldName" : null,
      "propName" : "type",
      "propValue" : "text"
    } ]
  } ],
  "assignedToCategory" : false,
  "assignedToTag" : false
}, {
  "id" : 23,
  "name" : "customer_address",
  "description" : "",
  "descriptionType" : "TEXT",
  "searchDescription" : "",
  "synchDate" : "2025-09-19T16:42:23.273+00:00",
  "lastModificationVdpData" : "2025-09-19T11:14:26.000+00:00",
  "lastModificationIsstData" : null,
  "databaseId" : 4,
  "dbName" : null,
  "fieldsTagged" : null,
  "databaseName" : "denodo_hol_cdi_local_solution",
  "viewFields" : [ {
    "id" : 364,
    "name" : "ca_address_id",
    "logicalName" : null,
    "description" : "",
    "lastModificationIsst" : null,
    "vdpOrder" : 2,
    "fieldProperties" : [ {
      "viewId" : null,
      "fieldName" : null,
      "propName" : "type",
      "propValue" : "text"
    } ]
  }, {
    "id" : 365,
    "name" : "ca_address_sk",
    "logicalName" : null,
    "description" : "",
    "lastModificationIsst" : null,
    "vdpOrder" : 1,
    "fieldProperties" : [ {
      "viewId" : null,
      "fieldName" : null,
      "propName" : "type",
      "propValue" : "int"
    } ]
  }, {
    "id" : 366,
    "name" : "ca_city",
    "logicalName" : null,
    "description" : "",
    "lastModificationIsst" : null,
    "vdpOrder" : 7,
    "fieldProperties" : [ {
      "viewId" : null,
      "fieldName" : null,
      "propName" : "type",
      "propValue" : "text"
    } ]
  }, {
    "id" : 367,
    "name" : "ca_country",
    "logicalName" : null,
    "description" : "",
    "lastModificationIsst" : null,
    "vdpOrder" : 11,
    "fieldProperties" : [ {
      "viewId" : null,
      "fieldName" : null,
      "propName" : "type",
      "propValue" : "text"
    } ]
  }, {
    "id" : 368,
    "name" : "ca_county",
    "logicalName" : null,
    "description" : "",
    "lastModificationIsst" : null,
    "vdpOrder" : 8,
    "fieldProperties" : [ {
      "viewId" : null,
      "fieldName" : null,
      "propName" : "type",
      "propValue" : "text"
    } ]
  }, {
    "id" : 369,
    "name" : "ca_gmt_offset",
    "logicalName" : null,
    "description" : "",
    "lastModificationIsst" : null,
    "vdpOrder" : 12,
    "fieldProperties" : [ {
      "viewId" : null,
      "fieldName" : null,
      "propName" : "type",
      "propValue" : "decimal"
    } ]
  }, {
    "id" : 370,
    "name" : "ca_location_type",
    "logicalName" : null,
    "description" : "",
    "lastModificationIsst" : null,
    "vdpOrder" : 13,
    "fieldProperties" : [ {
      "viewId" : null,
      "fieldName" : null,
      "propName" : "type",
      "propValue" : "text"
    } ]
  }, {
    "id" : 371,
    "name" : "ca_state",
    "logicalName" : null,
    "description" : "",
    "lastModificationIsst" : null,
    "vdpOrder" : 9,
    "fieldProperties" : [ {
      "viewId" : null,
      "fieldName" : null,
      "propName" : "type",
      "propValue" : "text"
    } ]
  }, {
    "id" : 372,
    "name" : "ca_street_name",
    "logicalName" : null,
    "description" : "",
    "lastModificationIsst" : null,
    "vdpOrder" : 4,
    "fieldProperties" : [ {
      "viewId" : null,
      "fieldName" : null,
      "propName" : "type",
      "propValue" : "text"
    } ]
  }, {
    "id" : 373,
    "name" : "ca_street_number",
    "logicalName" : null,
    "description" : "",
    "lastModificationIsst" : null,
    "vdpOrder" : 3,
    "fieldProperties" : [ {
      "viewId" : null,
      "fieldName" : null,
      "propName" : "type",
      "propValue" : "text"
    } ]
  }, {
    "id" : 374,
    "name" : "ca_street_type",
    "logicalName" : null,
    "description" : "",
    "lastModificationIsst" : null,
    "vdpOrder" : 5,
    "fieldProperties" : [ {
      "viewId" : null,
      "fieldName" : null,
      "propName" : "type",
      "propValue" : "text"
    } ]
  }, {
    "id" : 375,
    "name" : "ca_suite_number",
    "logicalName" : null,
    "description" : "",
    "lastModificationIsst" : null,
    "vdpOrder" : 6,
    "fieldProperties" : [ {
      "viewId" : null,
      "fieldName" : null,
      "propName" : "type",
      "propValue" : "text"
    } ]
  }, {
    "id" : 376,
    "name" : "ca_zip",
    "logicalName" : null,
    "description" : "",
    "lastModificationIsst" : null,
    "vdpOrder" : 10,
    "fieldProperties" : [ {
      "viewId" : null,
      "fieldName" : null,
      "propName" : "type",
      "propValue" : "text"
    } ]
  } ],
  "assignedToCategory" : false,
  "assignedToTag" : false
}, {
  "id" : 24,
  "name" : "customer_data",
  "description" : "",
  "descriptionType" : "TEXT",
  "searchDescription" : "",
  "synchDate" : "2025-09-19T16:42:23.273+00:00",
  "lastModificationVdpData" : "2025-09-19T11:14:25.000+00:00",
  "lastModificationIsstData" : null,
  "databaseId" : 4,
  "dbName" : null,
  "fieldsTagged" : null,
  "databaseName" : "denodo_hol_cdi_local_solution",
  "viewFields" : [ {
    "id" : 377,
    "name" : "c_birth_country",
    "logicalName" : null,
    "description" : "",
    "lastModificationIsst" : null,
    "vdpOrder" : 15,
    "fieldProperties" : [ {
      "viewId" : null,
      "fieldName" : null,
      "propName" : "type",
      "propValue" : "text"
    } ]
  }, {
    "id" : 378,
    "name" : "c_birth_day",
    "logicalName" : null,
    "description" : "",
    "lastModificationIsst" : null,
    "vdpOrder" : 12,
    "fieldProperties" : [ {
      "viewId" : null,
      "fieldName" : null,
      "propName" : "type",
      "propValue" : "int"
    } ]
  }, {
    "id" : 379,
    "name" : "c_birth_month",
    "logicalName" : null,
    "description" : "",
    "lastModificationIsst" : null,
    "vdpOrder" : 13,
    "fieldProperties" : [ {
      "viewId" : null,
      "fieldName" : null,
      "propName" : "type",
      "propValue" : "int"
    } ]
  }, {
    "id" : 380,
    "name" : "c_birth_year",
    "logicalName" : null,
    "description" : "",
    "lastModificationIsst" : null,
    "vdpOrder" : 14,
    "fieldProperties" : [ {
      "viewId" : null,
      "fieldName" : null,
      "propName" : "type",
      "propValue" : "int"
    } ]
  }, {
    "id" : 381,
    "name" : "c_current_addr_sk",
    "logicalName" : null,
    "description" : "",
    "lastModificationIsst" : null,
    "vdpOrder" : 5,
    "fieldProperties" : [ {
      "viewId" : null,
      "fieldName" : null,
      "propName" : "type",
      "propValue" : "int"
    } ]
  }, {
    "id" : 382,
    "name" : "c_current_cdemo_sk",
    "logicalName" : null,
    "description" : "",
    "lastModificationIsst" : null,
    "vdpOrder" : 3,
    "fieldProperties" : [ {
      "viewId" : null,
      "fieldName" : null,
      "propName" : "type",
      "propValue" : "int"
    } ]
  }, {
    "id" : 383,
    "name" : "c_current_hdemo_sk",
    "logicalName" : null,
    "description" : "",
    "lastModificationIsst" : null,
    "vdpOrder" : 4,
    "fieldProperties" : [ {
      "viewId" : null,
      "fieldName" : null,
      "propName" : "type",
      "propValue" : "int"
    } ]
  }, {
    "id" : 384,
    "name" : "c_customer_id",
    "logicalName" : null,
    "description" : "",
    "lastModificationIsst" : null,
    "vdpOrder" : 2,
    "fieldProperties" : [ {
      "viewId" : null,
      "fieldName" : null,
      "propName" : "type",
      "propValue" : "text"
    } ]
  }, {
    "id" : 385,
    "name" : "c_customer_sk",
    "logicalName" : null,
    "description" : "",
    "lastModificationIsst" : null,
    "vdpOrder" : 1,
    "fieldProperties" : [ {
      "viewId" : null,
      "fieldName" : null,
      "propName" : "type",
      "propValue" : "int"
    } ]
  }, {
    "id" : 386,
    "name" : "c_email_address",
    "logicalName" : null,
    "description" : "",
    "lastModificationIsst" : null,
    "vdpOrder" : 17,
    "fieldProperties" : [ {
      "viewId" : null,
      "fieldName" : null,
      "propName" : "type",
      "propValue" : "text"
    } ]
  }, {
    "id" : 387,
    "name" : "c_first_name",
    "logicalName" : null,
    "description" : "",
    "lastModificationIsst" : null,
    "vdpOrder" : 9,
    "fieldProperties" : [ {
      "viewId" : null,
      "fieldName" : null,
      "propName" : "type",
      "propValue" : "text"
    } ]
  }, {
    "id" : 388,
    "name" : "c_first_sales_date_sk",
    "logicalName" : null,
    "description" : "",
    "lastModificationIsst" : null,
    "vdpOrder" : 7,
    "fieldProperties" : [ {
      "viewId" : null,
      "fieldName" : null,
      "propName" : "type",
      "propValue" : "int"
    } ]
  }, {
    "id" : 389,
    "name" : "c_first_shipto_date_sk",
    "logicalName" : null,
    "description" : "",
    "lastModificationIsst" : null,
    "vdpOrder" : 6,
    "fieldProperties" : [ {
      "viewId" : null,
      "fieldName" : null,
      "propName" : "type",
      "propValue" : "int"
    } ]
  }, {
    "id" : 390,
    "name" : "c_last_name",
    "logicalName" : null,
    "description" : "",
    "lastModificationIsst" : null,
    "vdpOrder" : 10,
    "fieldProperties" : [ {
      "viewId" : null,
      "fieldName" : null,
      "propName" : "type",
      "propValue" : "text"
    } ]
  }, {
    "id" : 391,
    "name" : "c_last_review_date",
    "logicalName" : null,
    "description" : "",
    "lastModificationIsst" : null,
    "vdpOrder" : 18,
    "fieldProperties" : [ {
      "viewId" : null,
      "fieldName" : null,
      "propName" : "type",
      "propValue" : "text"
    } ]
  }, {
    "id" : 392,
    "name" : "c_login",
    "logicalName" : null,
    "description" : "",
    "lastModificationIsst" : null,
    "vdpOrder" : 16,
    "fieldProperties" : [ {
      "viewId" : null,
      "fieldName" : null,
      "propName" : "type",
      "propValue" : "text"
    } ]
  }, {
    "id" : 393,
    "name" : "c_preferred_cust_flag",
    "logicalName" : null,
    "description" : "",
    "lastModificationIsst" : null,
    "vdpOrder" : 11,
    "fieldProperties" : [ {
      "viewId" : null,
      "fieldName" : null,
      "propName" : "type",
      "propValue" : "text"
    } ]
  }, {
    "id" : 394,
    "name" : "c_salutation",
    "logicalName" : null,
    "description" : "",
    "lastModificationIsst" : null,
    "vdpOrder" : 8,
    "fieldProperties" : [ {
      "viewId" : null,
      "fieldName" : null,
      "propName" : "type",
      "propValue" : "text"
    } ]
  }, {
    "id" : 395,
    "name" : "ca_address_id",
    "logicalName" : null,
    "description" : "",
    "lastModificationIsst" : null,
    "vdpOrder" : 20,
    "fieldProperties" : [ {
      "viewId" : null,
      "fieldName" : null,
      "propName" : "type",
      "propValue" : "text"
    } ]
  }, {
    "id" : 396,
    "name" : "ca_address_sk",
    "logicalName" : null,
    "description" : "",
    "lastModificationIsst" : null,
    "vdpOrder" : 19,
    "fieldProperties" : [ {
      "viewId" : null,
      "fieldName" : null,
      "propName" : "type",
      "propValue" : "int"
    } ]
  }, {
    "id" : 397,
    "name" : "ca_city",
    "logicalName" : null,
    "description" : "",
    "lastModificationIsst" : null,
    "vdpOrder" : 25,
    "fieldProperties" : [ {
      "viewId" : null,
      "fieldName" : null,
      "propName" : "type",
      "propValue" : "text"
    } ]
  }, {
    "id" : 398,
    "name" : "ca_country",
    "logicalName" : null,
    "description" : "",
    "lastModificationIsst" : null,
    "vdpOrder" : 29,
    "fieldProperties" : [ {
      "viewId" : null,
      "fieldName" : null,
      "propName" : "type",
      "propValue" : "text"
    } ]
  }, {
    "id" : 399,
    "name" : "ca_county",
    "logicalName" : null,
    "description" : "",
    "lastModificationIsst" : null,
    "vdpOrder" : 26,
    "fieldProperties" : [ {
      "viewId" : null,
      "fieldName" : null,
      "propName" : "type",
      "propValue" : "text"
    } ]
  }, {
    "id" : 400,
    "name" : "ca_gmt_offset",
    "logicalName" : null,
    "description" : "",
    "lastModificationIsst" : null,
    "vdpOrder" : 30,
    "fieldProperties" : [ {
      "viewId" : null,
      "fieldName" : null,
      "propName" : "type",
      "propValue" : "decimal"
    } ]
  }, {
    "id" : 401,
    "name" : "ca_location_type",
    "logicalName" : null,
    "description" : "",
    "lastModificationIsst" : null,
    "vdpOrder" : 31,
    "fieldProperties" : [ {
      "viewId" : null,
      "fieldName" : null,
      "propName" : "type",
      "propValue" : "text"
    } ]
  }, {
    "id" : 402,
    "name" : "ca_state",
    "logicalName" : null,
    "description" : "",
    "lastModificationIsst" : null,
    "vdpOrder" : 27,
    "fieldProperties" : [ {
      "viewId" : null,
      "fieldName" : null,
      "propName" : "type",
      "propValue" : "text"
    } ]
  }, {
    "id" : 403,
    "name" : "ca_street_name",
    "logicalName" : null,
    "description" : "",
    "lastModificationIsst" : null,
    "vdpOrder" : 22,
    "fieldProperties" : [ {
      "viewId" : null,
      "fieldName" : null,
      "propName" : "type",
      "propValue" : "text"
    } ]
  }, {
    "id" : 404,
    "name" : "ca_street_number",
    "logicalName" : null,
    "description" : "",
    "lastModificationIsst" : null,
    "vdpOrder" : 21,
    "fieldProperties" : [ {
      "viewId" : null,
      "fieldName" : null,
      "propName" : "type",
      "propValue" : "text"
    } ]
  }, {
    "id" : 405,
    "name" : "ca_street_type",
    "logicalName" : null,
    "description" : "",
    "lastModificationIsst" : null,
    "vdpOrder" : 23,
    "fieldProperties" : [ {
      "viewId" : null,
      "fieldName" : null,
      "propName" : "type",
      "propValue" : "text"
    } ]
  }, {
    "id" : 406,
    "name" : "ca_suite_number",
    "logicalName" : null,
    "description" : "",
    "lastModificationIsst" : null,
    "vdpOrder" : 24,
    "fieldProperties" : [ {
      "viewId" : null,
      "fieldName" : null,
      "propName" : "type",
      "propValue" : "text"
    } ]
  }, {
    "id" : 407,
    "name" : "ca_zip",
    "logicalName" : null,
    "description" : "",
    "lastModificationIsst" : null,
    "vdpOrder" : 28,
    "fieldProperties" : [ {
      "viewId" : null,
      "fieldName" : null,
      "propName" : "type",
      "propValue" : "text"
    } ]
  }, {
    "id" : 408,
    "name" : "cd_credit_rating",
    "logicalName" : null,
    "description" : "",
    "lastModificationIsst" : null,
    "vdpOrder" : 37,
    "fieldProperties" : [ {
      "viewId" : null,
      "fieldName" : null,
      "propName" : "type",
      "propValue" : "text"
    } ]
  }, {
    "id" : 409,
    "name" : "cd_demo_sk",
    "logicalName" : null,
    "description" : "",
    "lastModificationIsst" : null,
    "vdpOrder" : 32,
    "fieldProperties" : [ {
      "viewId" : null,
      "fieldName" : null,
      "propName" : "type",
      "propValue" : "int"
    } ]
  }, {
    "id" : 410,
    "name" : "cd_dep_college_count",
    "logicalName" : null,
    "description" : "",
    "lastModificationIsst" : null,
    "vdpOrder" : 40,
    "fieldProperties" : [ {
      "viewId" : null,
      "fieldName" : null,
      "propName" : "type",
      "propValue" : "int"
    } ]
  }, {
    "id" : 411,
    "name" : "cd_dep_count",
    "logicalName" : null,
    "description" : "",
    "lastModificationIsst" : null,
    "vdpOrder" : 38,
    "fieldProperties" : [ {
      "viewId" : null,
      "fieldName" : null,
      "propName" : "type",
      "propValue" : "int"
    } ]
  }, {
    "id" : 412,
    "name" : "cd_dep_employed_count",
    "logicalName" : null,
    "description" : "",
    "lastModificationIsst" : null,
    "vdpOrder" : 39,
    "fieldProperties" : [ {
      "viewId" : null,
      "fieldName" : null,
      "propName" : "type",
      "propValue" : "int"
    } ]
  }, {
    "id" : 413,
    "name" : "cd_education_status",
    "logicalName" : null,
    "description" : "",
    "lastModificationIsst" : null,
    "vdpOrder" : 35,
    "fieldProperties" : [ {
      "viewId" : null,
      "fieldName" : null,
      "propName" : "type",
      "propValue" : "text"
    } ]
  }, {
    "id" : 414,
    "name" : "cd_gender",
    "logicalName" : null,
    "description" : "",
    "lastModificationIsst" : null,
    "vdpOrder" : 33,
    "fieldProperties" : [ {
      "viewId" : null,
      "fieldName" : null,
      "propName" : "type",
      "propValue" : "text"
    } ]
  }, {
    "id" : 415,
    "name" : "cd_marital_status",
    "logicalName" : null,
    "description" : "",
    "lastModificationIsst" : null,
    "vdpOrder" : 34,
    "fieldProperties" : [ {
      "viewId" : null,
      "fieldName" : null,
      "propName" : "type",
      "propValue" : "text"
    } ]
  }, {
    "id" : 416,
    "name" : "cd_purchase_estimate",
    "logicalName" : null,
    "description" : "",
    "lastModificationIsst" : null,
    "vdpOrder" : 36,
    "fieldProperties" : [ {
      "viewId" : null,
      "fieldName" : null,
      "propName" : "type",
      "propValue" : "int"
    } ]
  } ],
  "assignedToCategory" : false,
  "assignedToTag" : false
}, {
  "id" : 25,
  "name" : "customer_demographics",
  "description" : "",
  "descriptionType" : "TEXT",
  "searchDescription" : "",
  "synchDate" : "2025-09-19T16:42:23.273+00:00",
  "lastModificationVdpData" : "2025-09-19T11:14:26.000+00:00",
  "lastModificationIsstData" : null,
  "databaseId" : 4,
  "dbName" : null,
  "fieldsTagged" : null,
  "databaseName" : "denodo_hol_cdi_local_solution",
  "viewFields" : [ {
    "id" : 417,
    "name" : "cd_credit_rating",
    "logicalName" : null,
    "description" : "",
    "lastModificationIsst" : null,
    "vdpOrder" : 6,
    "fieldProperties" : [ {
      "viewId" : null,
      "fieldName" : null,
      "propName" : "type",
      "propValue" : "text"
    } ]
  }, {
    "id" : 418,
    "name" : "cd_demo_sk",
    "logicalName" : null,
    "description" : "",
    "lastModificationIsst" : null,
    "vdpOrder" : 1,
    "fieldProperties" : [ {
      "viewId" : null,
      "fieldName" : null,
      "propName" : "type",
      "propValue" : "int"
    } ]
  }, {
    "id" : 419,
    "name" : "cd_dep_college_count",
    "logicalName" : null,
    "description" : "",
    "lastModificationIsst" : null,
    "vdpOrder" : 9,
    "fieldProperties" : [ {
      "viewId" : null,
      "fieldName" : null,
      "propName" : "type",
      "propValue" : "int"
    } ]
  }, {
    "id" : 420,
    "name" : "cd_dep_count",
    "logicalName" : null,
    "description" : "",
    "lastModificationIsst" : null,
    "vdpOrder" : 7,
    "fieldProperties" : [ {
      "viewId" : null,
      "fieldName" : null,
      "propName" : "type",
      "propValue" : "int"
    } ]
  }, {
    "id" : 421,
    "name" : "cd_dep_employed_count",
    "logicalName" : null,
    "description" : "",
    "lastModificationIsst" : null,
    "vdpOrder" : 8,
    "fieldProperties" : [ {
      "viewId" : null,
      "fieldName" : null,
      "propName" : "type",
      "propValue" : "int"
    } ]
  }, {
    "id" : 422,
    "name" : "cd_education_status",
    "logicalName" : null,
    "description" : "",
    "lastModificationIsst" : null,
    "vdpOrder" : 4,
    "fieldProperties" : [ {
      "viewId" : null,
      "fieldName" : null,
      "propName" : "type",
      "propValue" : "text"
    } ]
  }, {
    "id" : 423,
    "name" : "cd_gender",
    "logicalName" : null,
    "description" : "",
    "lastModificationIsst" : null,
    "vdpOrder" : 2,
    "fieldProperties" : [ {
      "viewId" : null,
      "fieldName" : null,
      "propName" : "type",
      "propValue" : "text"
    } ]
  }, {
    "id" : 424,
    "name" : "cd_marital_status",
    "logicalName" : null,
    "description" : "",
    "lastModificationIsst" : null,
    "vdpOrder" : 3,
    "fieldProperties" : [ {
      "viewId" : null,
      "fieldName" : null,
      "propName" : "type",
      "propValue" : "text"
    } ]
  }, {
    "id" : 425,
    "name" : "cd_purchase_estimate",
    "logicalName" : null,
    "description" : "",
    "lastModificationIsst" : null,
    "vdpOrder" : 5,
    "fieldProperties" : [ {
      "viewId" : null,
      "fieldName" : null,
      "propName" : "type",
      "propValue" : "int"
    } ]
  } ],
  "assignedToCategory" : false,
  "assignedToTag" : false
}, {
  "id" : 26,
  "name" : "report_sales_by_customer",
  "description" : "",
  "descriptionType" : "TEXT",
  "searchDescription" : "",
  "synchDate" : "2025-09-19T16:42:23.273+00:00",
  "lastModificationVdpData" : "2025-09-19T11:14:26.000+00:00",
  "lastModificationIsstData" : null,
  "databaseId" : 4,
  "dbName" : null,
  "fieldsTagged" : null,
  "databaseName" : "denodo_hol_cdi_local_solution",
  "viewFields" : [ {
    "id" : 426,
    "name" : "c_customer_sk",
    "logicalName" : null,
    "description" : "",
    "lastModificationIsst" : null,
    "vdpOrder" : 4,
    "fieldProperties" : [ {
      "viewId" : null,
      "fieldName" : null,
      "propName" : "type",
      "propValue" : "int"
    } ]
  }, {
    "id" : 427,
    "name" : "c_email_address",
    "logicalName" : null,
    "description" : "",
    "lastModificationIsst" : null,
    "vdpOrder" : 3,
    "fieldProperties" : [ {
      "viewId" : null,
      "fieldName" : null,
      "propName" : "type",
      "propValue" : "text"
    } ]
  }, {
    "id" : 428,
    "name" : "c_first_name",
    "logicalName" : null,
    "description" : "",
    "lastModificationIsst" : null,
    "vdpOrder" : 1,
    "fieldProperties" : [ {
      "viewId" : null,
      "fieldName" : null,
      "propName" : "type",
      "propValue" : "text"
    } ]
  }, {
    "id" : 429,
    "name" : "c_last_name",
    "logicalName" : null,
    "description" : "",
    "lastModificationIsst" : null,
    "vdpOrder" : 2,
    "fieldProperties" : [ {
      "viewId" : null,
      "fieldName" : null,
      "propName" : "type",
      "propValue" : "text"
    } ]
  }, {
    "id" : 430,
    "name" : "ca_country",
    "logicalName" : null,
    "description" : "",
    "lastModificationIsst" : null,
    "vdpOrder" : 5,
    "fieldProperties" : [ {
      "viewId" : null,
      "fieldName" : null,
      "propName" : "type",
      "propValue" : "text"
    } ]
  }, {
    "id" : 431,
    "name" : "total_sales",
    "logicalName" : null,
    "description" : "",
    "lastModificationIsst" : null,
    "vdpOrder" : 6,
    "fieldProperties" : [ {
      "viewId" : null,
      "fieldName" : null,
      "propName" : "type",
      "propValue" : "decimal"
    } ]
  } ],
  "assignedToCategory" : false,
  "assignedToTag" : false
}, {
  "id" : 27,
  "name" : "sales_by_customer",
  "description" : "This view calculates the total sales by each customer.",
  "descriptionType" : "TEXT",
  "searchDescription" : "This view calculates the total sales by each customer.",
  "synchDate" : "2025-09-19T16:42:23.273+00:00",
  "lastModificationVdpData" : "2025-09-19T11:14:26.000+00:00",
  "lastModificationIsstData" : null,
  "databaseId" : 4,
  "dbName" : null,
  "fieldsTagged" : null,
  "databaseName" : "denodo_hol_cdi_local_solution",
  "viewFields" : [ {
    "id" : 432,
    "name" : "c_customer_sk",
    "logicalName" : null,
    "description" : "",
    "lastModificationIsst" : null,
    "vdpOrder" : 4,
    "fieldProperties" : [ {
      "viewId" : null,
      "fieldName" : null,
      "propName" : "type",
      "propValue" : "int"
    } ]
  }, {
    "id" : 433,
    "name" : "c_email_address",
    "logicalName" : null,
    "description" : "",
    "lastModificationIsst" : null,
    "vdpOrder" : 3,
    "fieldProperties" : [ {
      "viewId" : null,
      "fieldName" : null,
      "propName" : "type",
      "propValue" : "text"
    } ]
  }, {
    "id" : 434,
    "name" : "c_first_name",
    "logicalName" : null,
    "description" : "",
    "lastModificationIsst" : null,
    "vdpOrder" : 1,
    "fieldProperties" : [ {
      "viewId" : null,
      "fieldName" : null,
      "propName" : "type",
      "propValue" : "text"
    } ]
  }, {
    "id" : 435,
    "name" : "c_last_name",
    "logicalName" : null,
    "description" : "",
    "lastModificationIsst" : null,
    "vdpOrder" : 2,
    "fieldProperties" : [ {
      "viewId" : null,
      "fieldName" : null,
      "propName" : "type",
      "propValue" : "text"
    } ]
  }, {
    "id" : 436,
    "name" : "ca_country",
    "logicalName" : null,
    "description" : "",
    "lastModificationIsst" : null,
    "vdpOrder" : 5,
    "fieldProperties" : [ {
      "viewId" : null,
      "fieldName" : null,
      "propName" : "type",
      "propValue" : "text"
    } ]
  }, {
    "id" : 437,
    "name" : "total_sales",
    "logicalName" : null,
    "description" : "",
    "lastModificationIsst" : null,
    "vdpOrder" : 6,
    "fieldProperties" : [ {
      "viewId" : null,
      "fieldName" : null,
      "propName" : "type",
      "propValue" : "decimal"
    } ]
  } ],
  "assignedToCategory" : false,
  "assignedToTag" : false
}, {
  "id" : 28,
  "name" : "store_sales",
  "description" : "",
  "descriptionType" : "TEXT",
  "searchDescription" : "",
  "synchDate" : "2025-09-19T16:42:23.273+00:00",
  "lastModificationVdpData" : "2025-09-19T11:14:25.000+00:00",
  "lastModificationIsstData" : null,
  "databaseId" : 4,
  "dbName" : null,
  "fieldsTagged" : null,
  "databaseName" : "denodo_hol_cdi_local_solution",
  "viewFields" : [ {
    "id" : 438,
    "name" : "ss_addr_sk",
    "logicalName" : null,
    "description" : "",
    "lastModificationIsst" : null,
    "vdpOrder" : 7,
    "fieldProperties" : [ {
      "viewId" : null,
      "fieldName" : null,
      "propName" : "type",
      "propValue" : "int"
    } ]
  }, {
    "id" : 439,
    "name" : "ss_cdemo_sk",
    "logicalName" : null,
    "description" : "",
    "lastModificationIsst" : null,
    "vdpOrder" : 5,
    "fieldProperties" : [ {
      "viewId" : null,
      "fieldName" : null,
      "propName" : "type",
      "propValue" : "int"
    } ]
  }, {
    "id" : 440,
    "name" : "ss_coupon_amt",
    "logicalName" : null,
    "description" : "",
    "lastModificationIsst" : null,
    "vdpOrder" : 20,
    "fieldProperties" : [ {
      "viewId" : null,
      "fieldName" : null,
      "propName" : "type",
      "propValue" : "decimal"
    } ]
  }, {
    "id" : 441,
    "name" : "ss_customer_sk",
    "logicalName" : null,
    "description" : "",
    "lastModificationIsst" : null,
    "vdpOrder" : 4,
    "fieldProperties" : [ {
      "viewId" : null,
      "fieldName" : null,
      "propName" : "type",
      "propValue" : "int"
    } ]
  }, {
    "id" : 442,
    "name" : "ss_ext_discount_amt",
    "logicalName" : null,
    "description" : "",
    "lastModificationIsst" : null,
    "vdpOrder" : 15,
    "fieldProperties" : [ {
      "viewId" : null,
      "fieldName" : null,
      "propName" : "type",
      "propValue" : "decimal"
    } ]
  }, {
    "id" : 443,
    "name" : "ss_ext_list_price",
    "logicalName" : null,
    "description" : "",
    "lastModificationIsst" : null,
    "vdpOrder" : 18,
    "fieldProperties" : [ {
      "viewId" : null,
      "fieldName" : null,
      "propName" : "type",
      "propValue" : "decimal"
    } ]
  }, {
    "id" : 444,
    "name" : "ss_ext_sales_price",
    "logicalName" : null,
    "description" : "",
    "lastModificationIsst" : null,
    "vdpOrder" : 16,
    "fieldProperties" : [ {
      "viewId" : null,
      "fieldName" : null,
      "propName" : "type",
      "propValue" : "decimal"
    } ]
  }, {
    "id" : 445,
    "name" : "ss_ext_tax",
    "logicalName" : null,
    "description" : "",
    "lastModificationIsst" : null,
    "vdpOrder" : 19,
    "fieldProperties" : [ {
      "viewId" : null,
      "fieldName" : null,
      "propName" : "type",
      "propValue" : "decimal"
    } ]
  }, {
    "id" : 446,
    "name" : "ss_ext_wholesale_cost",
    "logicalName" : null,
    "description" : "",
    "lastModificationIsst" : null,
    "vdpOrder" : 17,
    "fieldProperties" : [ {
      "viewId" : null,
      "fieldName" : null,
      "propName" : "type",
      "propValue" : "decimal"
    } ]
  }, {
    "id" : 447,
    "name" : "ss_hdemo_sk",
    "logicalName" : null,
    "description" : "",
    "lastModificationIsst" : null,
    "vdpOrder" : 6,
    "fieldProperties" : [ {
      "viewId" : null,
      "fieldName" : null,
      "propName" : "type",
      "propValue" : "int"
    } ]
  }, {
    "id" : 448,
    "name" : "ss_item_sk",
    "logicalName" : null,
    "description" : "",
    "lastModificationIsst" : null,
    "vdpOrder" : 3,
    "fieldProperties" : [ {
      "viewId" : null,
      "fieldName" : null,
      "propName" : "type",
      "propValue" : "int"
    } ]
  }, {
    "id" : 449,
    "name" : "ss_list_price",
    "logicalName" : null,
    "description" : "",
    "lastModificationIsst" : null,
    "vdpOrder" : 13,
    "fieldProperties" : [ {
      "viewId" : null,
      "fieldName" : null,
      "propName" : "type",
      "propValue" : "decimal"
    } ]
  }, {
    "id" : 450,
    "name" : "ss_net_paid",
    "logicalName" : null,
    "description" : "",
    "lastModificationIsst" : null,
    "vdpOrder" : 21,
    "fieldProperties" : [ {
      "viewId" : null,
      "fieldName" : null,
      "propName" : "type",
      "propValue" : "decimal"
    } ]
  }, {
    "id" : 451,
    "name" : "ss_net_paid_inc_tax",
    "logicalName" : null,
    "description" : "",
    "lastModificationIsst" : null,
    "vdpOrder" : 22,
    "fieldProperties" : [ {
      "viewId" : null,
      "fieldName" : null,
      "propName" : "type",
      "propValue" : "decimal"
    } ]
  }, {
    "id" : 452,
    "name" : "ss_net_profit",
    "logicalName" : null,
    "description" : "",
    "lastModificationIsst" : null,
    "vdpOrder" : 23,
    "fieldProperties" : [ {
      "viewId" : null,
      "fieldName" : null,
      "propName" : "type",
      "propValue" : "decimal"
    } ]
  }, {
    "id" : 453,
    "name" : "ss_promo_sk",
    "logicalName" : null,
    "description" : "",
    "lastModificationIsst" : null,
    "vdpOrder" : 9,
    "fieldProperties" : [ {
      "viewId" : null,
      "fieldName" : null,
      "propName" : "type",
      "propValue" : "int"
    } ]
  }, {
    "id" : 454,
    "name" : "ss_quantity",
    "logicalName" : null,
    "description" : "",
    "lastModificationIsst" : null,
    "vdpOrder" : 11,
    "fieldProperties" : [ {
      "viewId" : null,
      "fieldName" : null,
      "propName" : "type",
      "propValue" : "int"
    } ]
  }, {
    "id" : 455,
    "name" : "ss_sales_price",
    "logicalName" : null,
    "description" : "",
    "lastModificationIsst" : null,
    "vdpOrder" : 14,
    "fieldProperties" : [ {
      "viewId" : null,
      "fieldName" : null,
      "propName" : "type",
      "propValue" : "decimal"
    } ]
  }, {
    "id" : 456,
    "name" : "ss_sold_date_sk",
    "logicalName" : null,
    "description" : "",
    "lastModificationIsst" : null,
    "vdpOrder" : 1,
    "fieldProperties" : [ {
      "viewId" : null,
      "fieldName" : null,
      "propName" : "type",
      "propValue" : "int"
    } ]
  }, {
    "id" : 457,
    "name" : "ss_sold_time_sk",
    "logicalName" : null,
    "description" : "",
    "lastModificationIsst" : null,
    "vdpOrder" : 2,
    "fieldProperties" : [ {
      "viewId" : null,
      "fieldName" : null,
      "propName" : "type",
      "propValue" : "int"
    } ]
  }, {
    "id" : 458,
    "name" : "ss_store_sk",
    "logicalName" : null,
    "description" : "",
    "lastModificationIsst" : null,
    "vdpOrder" : 8,
    "fieldProperties" : [ {
      "viewId" : null,
      "fieldName" : null,
      "propName" : "type",
      "propValue" : "int"
    } ]
  }, {
    "id" : 459,
    "name" : "ss_ticket_number",
    "logicalName" : null,
    "description" : "",
    "lastModificationIsst" : null,
    "vdpOrder" : 10,
    "fieldProperties" : [ {
      "viewId" : null,
      "fieldName" : null,
      "propName" : "type",
      "propValue" : "int"
    } ]
  }, {
    "id" : 460,
    "name" : "ss_wholesale_cost",
    "logicalName" : null,
    "description" : "",
    "lastModificationIsst" : null,
    "vdpOrder" : 12,
    "fieldProperties" : [ {
      "viewId" : null,
      "fieldName" : null,
      "propName" : "type",
      "propValue" : "decimal"
    } ]
  } ],
  "assignedToCategory" : false,
  "assignedToTag" : false
} ]