[ {
  "databaseId" : 1,
  "serverId" : 1,
  "databaseName" : "admin",
  "databaseDescription" : "admin database",
  "searchDescription" : "admin database",
  "descriptionType" : "TEXT",
  "synchDate" : "2025-09-19T16:24:52.753+00:00",
  "lastModificationDate" : null
}, {
  "databaseId" : 2,
  "serverId" : 1,
  "databaseName" : "denodo_hol",
  "databaseDescription" : "Cloud Data Integration with a Logical Data Fabric workshop",
  "searchDescription" : "Cloud Data Integration with a Logical Data Fabric workshop",
  "descriptionType" : "TEXT",
  "synchDate" : "2025-09-19T16:24:52.767+00:00",
  "lastModificationDate" : null
}, {
  "databaseId" : 3,
  "serverId" : 1,
  "databaseName" : "denodo_hol_cdi_local",
  "databaseDescription" : "Cloud Data Integration with a Logical Data Fabric workshop using local data sources",
  "searchDescription" : "Cloud Data Integration with a Logical Data Fabric workshop using local data sources",
  "descriptionType" : "TEXT",
  "synchDate" : "2025-09-19T16:24:52.769+00:00",
  "lastModificationDate" : null
}, {
  "databaseId" : 4,
  "serverId" : 1,
  "databaseName" : "denodo_hol_cdi_local_solution",
  "databaseDescription" : "Cloud Data Integration with a Logical Data Fabric workshop using local data sources (All views created)",
  "searchDescription" : "Cloud Data Integration with a Logical Data Fabric workshop using local data sources (All views created)",
  "descriptionType" : "TEXT",
  "synchDate" : "2025-09-19T16:24:52.771+00:00",
  "lastModificationDate" : null
} ]