[ {
  "databaseId" : 1,
  "serverId" : 1,
  "databaseName" : "admin",
  "databaseDescription" : "admin database",
  "searchDescription" : "admin database",
  "descriptionType" : "TEXT",
  "synchDate" : "2024-11-18T16:29:56.399+00:00",
  "lastModificationDate" : null
}, {
  "databaseId" : 2,
  "serverId" : 1,
  "databaseName" : "samples_bank",
  "databaseDescription" : "",
  "searchDescription" : "",
  "descriptionType" : "TEXT",
  "synchDate" : "2024-11-18T16:29:56.414+00:00",
  "lastModificationDate" : null
} ]