[ {
  "attributeGroupId" : 1,
  "name" : "report_data_insights",
  "description" : "The report data insights",
  "searchDescription" : "The report data insights",
  "descriptionType" : "TEXT",
  "placeToShow" : "DATA_INSIGHTS_PANEL",
  "isDefault" : false,
  "customOrder" : 1
}, {
  "attributeGroupId" : 2,
  "name" : "report_roles",
  "description" : "The report roles",
  "searchDescription" : "The report roles",
  "descriptionType" : "TEXT",
  "placeToShow" : "ROLES_PANEL",
  "isDefault" : false,
  "customOrder" : 2
}, {
  "attributeGroupId" : 3,
  "name" : "report_metadata",
  "description" : "The report metadata",
  "searchDescription" : "The report metadata",
  "descriptionType" : "TEXT",
  "placeToShow" : "METADATA_PANEL",
  "isDefault" : true,
  "customOrder" : 3
} ]