[ {
  "attributeId" : 1,
  "name" : "report_workspace_name",
  "description" : "The workspace name",
  "searchDescription" : "The workspace name",
  "descriptionType" : "TEXT",
  "type" : "TEXT",
  "possibleValues" : "",
  "defaultValue" : "",
  "customOrder" : 1,
  "attributeGroupId" : 3,
  "isVisible" : true,
  "isSearchable" : true
}, {
  "attributeId" : 2,
  "name" : "report_workspace_id",
  "description" : "The workspace identifier in the external tool",
  "searchDescription" : "The workspace identifier in the external tool",
  "descriptionType" : "TEXT",
  "type" : "TEXT",
  "possibleValues" : "",
  "defaultValue" : "",
  "customOrder" : 2,
  "attributeGroupId" : 3,
  "isVisible" : false,
  "isSearchable" : false
}, {
  "attributeId" : 3,
  "name" : "report_id",
  "description" : "The report identifier in the external tool",
  "searchDescription" : "The report identifier in the external tool",
  "descriptionType" : "TEXT",
  "type" : "TEXT",
  "possibleValues" : "",
  "defaultValue" : "",
  "customOrder" : 3,
  "attributeGroupId" : 3,
  "isVisible" : false,
  "isSearchable" : false
}, {
  "attributeId" : 4,
  "name" : "report_created_at",
  "description" : "The report creation date",
  "searchDescription" : "The report creation date",
  "descriptionType" : "TEXT",
  "type" : "DATE",
  "possibleValues" : "",
  "defaultValue" : "",
  "customOrder" : 4,
  "attributeGroupId" : 3,
  "isVisible" : true,
  "isSearchable" : true
}, {
  "attributeId" : 5,
  "name" : "report_updated_at",
  "description" : "The report last modification date",
  "searchDescription" : "The report last modification date",
  "descriptionType" : "TEXT",
  "type" : "DATE",
  "possibleValues" : "",
  "defaultValue" : "",
  "customOrder" : 5,
  "attributeGroupId" : 3,
  "isVisible" : true,
  "isSearchable" : true
}, {
  "attributeId" : 6,
  "name" : "report_local_db_updated_at",
  "description" : "The report last modification date in local database",
  "searchDescription" : "The report last modification date in local database",
  "descriptionType" : "TEXT",
  "type" : "DATE",
  "possibleValues" : "",
  "defaultValue" : "",
  "customOrder" : 6,
  "attributeGroupId" : 3,
  "isVisible" : true,
  "isSearchable" : true
}, {
  "attributeId" : 7,
  "name" : "report_local_db_sync_at",
  "description" : "The report last sync date",
  "searchDescription" : "The report last sync date",
  "descriptionType" : "TEXT",
  "type" : "DATE",
  "possibleValues" : "",
  "defaultValue" : "",
  "customOrder" : 7,
  "attributeGroupId" : 3,
  "isVisible" : true,
  "isSearchable" : true
}, {
  "attributeId" : 8,
  "name" : "report_updated_by",
  "description" : "The report last modification user",
  "searchDescription" : "The report last modification user",
  "descriptionType" : "TEXT",
  "type" : "TEXT",
  "possibleValues" : "",
  "defaultValue" : "",
  "customOrder" : 8,
  "attributeGroupId" : 3,
  "isVisible" : true,
  "isSearchable" : true
}, {
  "attributeId" : 9,
  "name" : "report_fully_sourced",
  "description" : "Indicates if the report is fully sourced by Denodo",
  "searchDescription" : "Indicates if the report is fully sourced by Denodo",
  "descriptionType" : "TEXT",
  "type" : "BOOLEAN",
  "possibleValues" : "",
  "defaultValue" : "",
  "customOrder" : 9,
  "attributeGroupId" : 3,
  "isVisible" : true,
  "isSearchable" : false
}, {
  "attributeId" : 10,
  "name" : "report_lineage",
  "description" : "The report data lineage",
  "searchDescription" : "The report data lineage",
  "descriptionType" : "TEXT",
  "type" : "LARGE",
  "possibleValues" : "",
  "defaultValue" : "",
  "customOrder" : 10,
  "attributeGroupId" : 3,
  "isVisible" : true,
  "isSearchable" : false
}, {
  "attributeId" : 11,
  "name" : "report_preview",
  "description" : "The report preview image",
  "searchDescription" : "The report preview image",
  "descriptionType" : "TEXT",
  "type" : "BINARY",
  "possibleValues" : "",
  "defaultValue" : "",
  "customOrder" : 11,
  "attributeGroupId" : 3,
  "isVisible" : true,
  "isSearchable" : false
}, {
  "attributeId" : 12,
  "name" : "report_preview_updated_at",
  "description" : "The report preview last modification date in local database",
  "searchDescription" : "The report preview last modification date in local database",
  "descriptionType" : "TEXT",
  "type" : "DATE",
  "possibleValues" : "",
  "defaultValue" : "",
  "customOrder" : 12,
  "attributeGroupId" : 3,
  "isVisible" : true,
  "isSearchable" : true
}, {
  "attributeId" : 13,
  "name" : "report_type",
  "description" : "The name of the external element type",
  "searchDescription" : "The name of the external element type",
  "descriptionType" : "TEXT",
  "type" : "TEXT",
  "possibleValues" : "",
  "defaultValue" : "",
  "customOrder" : 1,
  "attributeGroupId" : 1,
  "isVisible" : true,
  "isSearchable" : true
}, {
  "attributeId" : 14,
  "name" : "report_uri",
  "description" : "The report URL",
  "searchDescription" : "The report URL",
  "descriptionType" : "TEXT",
  "type" : "URL",
  "possibleValues" : "",
  "defaultValue" : "",
  "customOrder" : 2,
  "attributeGroupId" : 1,
  "isVisible" : true,
  "isSearchable" : false
}, {
  "attributeId" : 15,
  "name" : "report_desktop_uri",
  "description" : "The report URL for opening in the desktop app",
  "searchDescription" : "The report desktop URL",
  "descriptionType" : "TEXT",
  "type" : "URL",
  "possibleValues" : "",
  "defaultValue" : "",
  "customOrder" : 3,
  "attributeGroupId" : 1,
  "isVisible" : true,
  "isSearchable" : false
}, {
  "attributeId" : 16,
  "name" : "report_embed_uri",
  "description" : "The embed report URL",
  "searchDescription" : "The embed report URL",
  "descriptionType" : "TEXT",
  "type" : "URL",
  "possibleValues" : "",
  "defaultValue" : "",
  "customOrder" : 4,
  "attributeGroupId" : 1,
  "isVisible" : true,
  "isSearchable" : false
}, {
  "attributeId" : 17,
  "name" : "report_owner",
  "description" : "The report owner",
  "searchDescription" : "The report owner",
  "descriptionType" : "TEXT",
  "type" : "TEXT",
  "possibleValues" : "",
  "defaultValue" : "",
  "customOrder" : 1,
  "attributeGroupId" : 2,
  "isVisible" : true,
  "isSearchable" : true
}, {
  "attributeId" : 18,
  "name" : "report_tech_owner",
  "description" : "The report technical owner",
  "searchDescription" : "The report technical owner",
  "descriptionType" : "TEXT",
  "type" : "TEXT",
  "possibleValues" : "",
  "defaultValue" : "",
  "customOrder" : 2,
  "attributeGroupId" : 2,
  "isVisible" : true,
  "isSearchable" : true
} ]