[ {
  "id" : 2,
  "name" : "ping_query_view",
  "description" : "",
  "descriptionType" : "TEXT",
  "searchDescription" : "",
  "synchDate" : "2024-08-23T15:50:36.897+00:00",
  "lastModificationVdpData" : "2024-08-23T15:30:49.000+00:00",
  "lastModificationIsstData" : "2024-10-18T21:12:22.812+00:00",
  "databaseId" : 1,
  "dbName" : null,
  "fieldsTagged" : null,
  "databaseName" : "admin",
  "viewFields" : [ {
    "id" : 8,
    "name" : "field1",
    "logicalName" : null,
    "description" : "",
    "lastModificationIsst" : null,
    "vdpOrder" : 1,
    "fieldProperties" : [ {
      "viewId" : null,
      "fieldName" : null,
      "propName" : "type",
      "propValue" : "int"
    } ]
  } ],
  "assignedToCategory" : false,
  "assignedToTag" : false
}, {
  "id" : 17,
  "name" : "bv_customer_stock_holdings",
  "description" : "",
  "descriptionType" : "TEXT",
  "searchDescription" : "",
  "synchDate" : "2024-10-18T21:52:51.776+00:00",
  "lastModificationVdpData" : "2024-08-23T15:30:57.000+00:00",
  "lastModificationIsstData" : "2024-10-18T21:12:22.812+00:00",
  "databaseId" : 3,
  "dbName" : null,
  "fieldsTagged" : null,
  "databaseName" : "denodo_hol_bank",
  "viewFields" : [ {
    "id" : 106,
    "name" : "email",
    "logicalName" : "Email",
    "description" : "Email address of the customer",
    "lastModificationIsst" : null,
    "vdpOrder" : 1,
    "fieldProperties" : [ {
      "viewId" : null,
      "fieldName" : null,
      "propName" : "type",
      "propValue" : "text"
    } ]
  }, {
    "id" : 107,
    "name" : "stock_ticker",
    "logicalName" : "Ticker Symbol",
    "description" : "Ticker symbol of the stock held by the customer",
    "lastModificationIsst" : null,
    "vdpOrder" : 2,
    "fieldProperties" : [ {
      "viewId" : null,
      "fieldName" : null,
      "propName" : "type",
      "propValue" : "text"
    } ]
  }, {
    "id" : 108,
    "name" : "stocks_purchased",
    "logicalName" : "Ticker Quantity",
    "description" : "Quantity of stocks purchased by the customer",
    "lastModificationIsst" : null,
    "vdpOrder" : 3,
    "fieldProperties" : [ {
      "viewId" : null,
      "fieldName" : null,
      "propName" : "type",
      "propValue" : "text"
    } ]
  } ],
  "assignedToCategory" : false,
  "assignedToTag" : false
}, {
  "id" : 25,
  "name" : "bv_security_metrics",
  "description" : "",
  "descriptionType" : "TEXT",
  "searchDescription" : "",
  "synchDate" : "2024-10-18T21:52:51.818+00:00",
  "lastModificationVdpData" : "2024-08-23T15:30:57.000+00:00",
  "lastModificationIsstData" : "2024-10-18T21:12:22.812+00:00",
  "databaseId" : 3,
  "dbName" : null,
  "fieldsTagged" : null,
  "databaseName" : "denodo_hol_bank",
  "viewFields" : [ {
    "id" : 149,
    "name" : "cancels",
    "logicalName" : "Cancelled Trades",
    "description" : "Number of canceled trades for the security",
    "lastModificationIsst" : null,
    "vdpOrder" : 14,
    "fieldProperties" : [ {
      "viewId" : null,
      "fieldName" : null,
      "propName" : "type",
      "propValue" : "text"
    } ]
  }, {
    "id" : 150,
    "name" : "date",
    "logicalName" : "Metric Date",
    "description" : "Date of the security metric record",
    "lastModificationIsst" : null,
    "vdpOrder" : 1,
    "fieldProperties" : [ {
      "viewId" : null,
      "fieldName" : null,
      "propName" : "type",
      "propValue" : "text"
    } ]
  }, {
    "id" : 151,
    "name" : "hidden",
    "logicalName" : "Hidden Volume",
    "description" : "Hidden volume of the security",
    "lastModificationIsst" : null,
    "vdpOrder" : 10,
    "fieldProperties" : [ {
      "viewId" : null,
      "fieldName" : null,
      "propName" : "type",
      "propValue" : "text"
    } ]
  }, {
    "id" : 152,
    "name" : "hiddenvol000_0",
    "logicalName" : "Hidden Volume (Thousands)",
    "description" : "Hidden volume of the security in thousands",
    "lastModificationIsst" : null,
    "vdpOrder" : 12,
    "fieldProperties" : [ {
      "viewId" : null,
      "fieldName" : null,
      "propName" : "type",
      "propValue" : "text"
    } ]
  }, {
    "id" : 153,
    "name" : "littrades",
    "logicalName" : "Lit Trades",
    "description" : "Number of lit trades for the security",
    "lastModificationIsst" : null,
    "vdpOrder" : 15,
    "fieldProperties" : [ {
      "viewId" : null,
      "fieldName" : null,
      "propName" : "type",
      "propValue" : "text"
    } ]
  }, {
    "id" : 154,
    "name" : "litvol000_0",
    "logicalName" : "Lit Volume (Thousands)",
    "description" : "Lit volume of the security in thousands",
    "lastModificationIsst" : null,
    "vdpOrder" : 8,
    "fieldProperties" : [ {
      "viewId" : null,
      "fieldName" : null,
      "propName" : "type",
      "propValue" : "text"
    } ]
  }, {
    "id" : 155,
    "name" : "mcaprank",
    "logicalName" : "Market Capitalization Rank",
    "description" : "Market capitalization rank of the security",
    "lastModificationIsst" : null,
    "vdpOrder" : 4,
    "fieldProperties" : [ {
      "viewId" : null,
      "fieldName" : null,
      "propName" : "type",
      "propValue" : "text"
    } ]
  }, {
    "id" : 156,
    "name" : "oddlots",
    "logicalName" : "Odd Lots Trades",
    "description" : "Number of odd lot trades for the security",
    "lastModificationIsst" : null,
    "vdpOrder" : 16,
    "fieldProperties" : [ {
      "viewId" : null,
      "fieldName" : null,
      "propName" : "type",
      "propValue" : "text"
    } ]
  }, {
    "id" : 157,
    "name" : "oddlotvol000_0",
    "logicalName" : "Odd Lot Volume (Thousands)",
    "description" : "Odd lot volume of the security in thousands",
    "lastModificationIsst" : null,
    "vdpOrder" : 18,
    "fieldProperties" : [ {
      "viewId" : null,
      "fieldName" : null,
      "propName" : "type",
      "propValue" : "text"
    } ]
  }, {
    "id" : 158,
    "name" : "ordervol000_0",
    "logicalName" : "Order Volume (Thousands)",
    "description" : "Order volume of the security in thousands",
    "lastModificationIsst" : null,
    "vdpOrder" : 9,
    "fieldProperties" : [ {
      "viewId" : null,
      "fieldName" : null,
      "propName" : "type",
      "propValue" : "text"
    } ]
  }, {
    "id" : 159,
    "name" : "pricerank",
    "logicalName" : "Price Rank",
    "description" : "Price rank of the security",
    "lastModificationIsst" : null,
    "vdpOrder" : 7,
    "fieldProperties" : [ {
      "viewId" : null,
      "fieldName" : null,
      "propName" : "type",
      "propValue" : "text"
    } ]
  }, {
    "id" : 160,
    "name" : "security",
    "logicalName" : "Security",
    "description" : "Name or type of the security being evaluated",
    "lastModificationIsst" : null,
    "vdpOrder" : 2,
    "fieldProperties" : [ {
      "viewId" : null,
      "fieldName" : null,
      "propName" : "type",
      "propValue" : "text"
    } ]
  }, {
    "id" : 161,
    "name" : "ticker",
    "logicalName" : "Ticker Symbol",
    "description" : "Ticker symbol of the security",
    "lastModificationIsst" : null,
    "vdpOrder" : 3,
    "fieldProperties" : [ {
      "viewId" : null,
      "fieldName" : null,
      "propName" : "type",
      "propValue" : "text"
    } ]
  }, {
    "id" : 162,
    "name" : "tradesforhidden",
    "logicalName" : "Trades for Hidden Volume",
    "description" : "Number of trades for hidden volume",
    "lastModificationIsst" : null,
    "vdpOrder" : 11,
    "fieldProperties" : [ {
      "viewId" : null,
      "fieldName" : null,
      "propName" : "type",
      "propValue" : "text"
    } ]
  }, {
    "id" : 163,
    "name" : "tradesforoddlots",
    "logicalName" : "Traded Odd Lots",
    "description" : "Number of trades for odd lots",
    "lastModificationIsst" : null,
    "vdpOrder" : 17,
    "fieldProperties" : [ {
      "viewId" : null,
      "fieldName" : null,
      "propName" : "type",
      "propValue" : "text"
    } ]
  }, {
    "id" : 164,
    "name" : "tradevolforhidden000_0",
    "logicalName" : "Trades for Hidden Volume (Thousands)",
    "description" : "Trade volume for hidden in thousands",
    "lastModificationIsst" : null,
    "vdpOrder" : 13,
    "fieldProperties" : [ {
      "viewId" : null,
      "fieldName" : null,
      "propName" : "type",
      "propValue" : "text"
    } ]
  }, {
    "id" : 165,
    "name" : "tradevolforoddlots000_0",
    "logicalName" : "Trades for Odd Lots (Thousands)",
    "description" : "Trade volume for odd lots in thousands",
    "lastModificationIsst" : null,
    "vdpOrder" : 19,
    "fieldProperties" : [ {
      "viewId" : null,
      "fieldName" : null,
      "propName" : "type",
      "propValue" : "text"
    } ]
  }, {
    "id" : 166,
    "name" : "turnrank",
    "logicalName" : "Turnover Rank",
    "description" : "Turnover rank of the security",
    "lastModificationIsst" : null,
    "vdpOrder" : 5,
    "fieldProperties" : [ {
      "viewId" : null,
      "fieldName" : null,
      "propName" : "type",
      "propValue" : "text"
    } ]
  }, {
    "id" : 167,
    "name" : "volatilityrank",
    "logicalName" : "Volatility Rank",
    "description" : "Volatility rank of the security",
    "lastModificationIsst" : null,
    "vdpOrder" : 6,
    "fieldProperties" : [ {
      "viewId" : null,
      "fieldName" : null,
      "propName" : "type",
      "propValue" : "text"
    } ]
  } ],
  "assignedToCategory" : false,
  "assignedToTag" : false
}, {
  "id" : 26,
  "name" : "bv_ticker_api",
  "description" : "",
  "descriptionType" : "TEXT",
  "searchDescription" : "",
  "synchDate" : "2025-01-13T18:38:32.085+00:00",
  "lastModificationVdpData" : "2024-08-23T15:30:57.000+00:00",
  "lastModificationIsstData" : "2024-10-18T21:12:22.813+00:00",
  "databaseId" : 3,
  "dbName" : null,
  "fieldsTagged" : null,
  "databaseName" : "denodo_hol_bank",
  "viewFields" : [ {
    "id" : 168,
    "name" : "close",
    "logicalName" : "Closing Price",
    "description" : "Closing price of the stock on the specified date",
    "lastModificationIsst" : null,
    "vdpOrder" : 4,
    "fieldProperties" : [ {
      "viewId" : null,
      "fieldName" : null,
      "propName" : "type",
      "propValue" : "text"
    } ]
  }, {
    "id" : 169,
    "name" : "date",
    "logicalName" : "Stock Record Date",
    "description" : "Date of the stock record",
    "lastModificationIsst" : null,
    "vdpOrder" : 3,
    "fieldProperties" : [ {
      "viewId" : null,
      "fieldName" : null,
      "propName" : "type",
      "propValue" : "text"
    } ]
  }, {
    "id" : 170,
    "name" : "high",
    "logicalName" : "Highest Price",
    "description" : "Highest price of the stock on the specified date",
    "lastModificationIsst" : null,
    "vdpOrder" : 7,
    "fieldProperties" : [ {
      "viewId" : null,
      "fieldName" : null,
      "propName" : "type",
      "propValue" : "text"
    } ]
  }, {
    "id" : 171,
    "name" : "low",
    "logicalName" : "Lowest Price",
    "description" : "Lowest price of the stock on the specified date",
    "lastModificationIsst" : null,
    "vdpOrder" : 8,
    "fieldProperties" : [ {
      "viewId" : null,
      "fieldName" : null,
      "propName" : "type",
      "propValue" : "text"
    } ]
  }, {
    "id" : 173,
    "name" : "open",
    "logicalName" : "Opening Price",
    "description" : "Opening price of the stock on the specified date",
    "lastModificationIsst" : null,
    "vdpOrder" : 6,
    "fieldProperties" : [ {
      "viewId" : null,
      "fieldName" : null,
      "propName" : "type",
      "propValue" : "text"
    } ]
  }, {
    "id" : 174,
    "name" : "ticker",
    "logicalName" : "Ticker Symbol",
    "description" : "Ticker symbol of the stock",
    "lastModificationIsst" : null,
    "vdpOrder" : 2,
    "fieldProperties" : [ {
      "viewId" : null,
      "fieldName" : null,
      "propName" : "type",
      "propValue" : "text"
    } ]
  }, {
    "id" : 175,
    "name" : "volume",
    "logicalName" : "Trading Volume",
    "description" : "Trading volume of the stock",
    "lastModificationIsst" : null,
    "vdpOrder" : 5,
    "fieldProperties" : [ {
      "viewId" : null,
      "fieldName" : null,
      "propName" : "type",
      "propValue" : "text"
    } ]
  } ],
  "assignedToCategory" : false,
  "assignedToTag" : false
}, {
  "id" : 28,
  "name" : "customer_assets",
  "description" : "",
  "descriptionType" : "TEXT",
  "searchDescription" : "",
  "synchDate" : "2024-08-23T15:50:36.898+00:00",
  "lastModificationVdpData" : "2024-08-23T15:30:59.000+00:00",
  "lastModificationIsstData" : "2024-10-18T21:12:22.813+00:00",
  "databaseId" : 3,
  "dbName" : null,
  "fieldsTagged" : null,
  "databaseName" : "denodo_hol_bank",
  "viewFields" : [ {
    "id" : 181,
    "name" : "address",
    "logicalName" : "Address",
    "description" : "Customer's address.",
    "lastModificationIsst" : "2024-09-04T22:01:51.786+00:00",
    "vdpOrder" : 6,
    "fieldProperties" : [ {
      "viewId" : null,
      "fieldName" : null,
      "propName" : "type",
      "propValue" : "text"
    } ]
  }, {
    "id" : 182,
    "name" : "city",
    "logicalName" : "City",
    "description" : "City of the customer.",
    "lastModificationIsst" : "2024-09-04T22:01:43.249+00:00",
    "vdpOrder" : 7,
    "fieldProperties" : [ {
      "viewId" : null,
      "fieldName" : null,
      "propName" : "type",
      "propValue" : "text"
    } ]
  }, {
    "id" : 183,
    "name" : "customer_id",
    "logicalName" : "Customer ID",
    "description" : "ID of the customer.",
    "lastModificationIsst" : "2024-09-04T22:02:42.793+00:00",
    "vdpOrder" : 1,
    "fieldProperties" : [ {
      "viewId" : null,
      "fieldName" : null,
      "propName" : "type",
      "propValue" : "int"
    } ]
  }, {
    "id" : 184,
    "name" : "customer_stock_ticker",
    "logicalName" : "Ticker Name",
    "description" : "Name of the security owned by the customer.",
    "lastModificationIsst" : "2024-09-04T22:01:07.784+00:00",
    "vdpOrder" : 10,
    "fieldProperties" : [ {
      "viewId" : null,
      "fieldName" : null,
      "propName" : "type",
      "propValue" : "text"
    } ]
  }, {
    "id" : 185,
    "name" : "customer_stocks_purchased",
    "logicalName" : "Amount Purchased",
    "description" : "Number of securities owned by customer.",
    "lastModificationIsst" : "2024-09-04T22:00:53.387+00:00",
    "vdpOrder" : 11,
    "fieldProperties" : [ {
      "viewId" : null,
      "fieldName" : null,
      "propName" : "type",
      "propValue" : "int"
    } ]
  }, {
    "id" : 186,
    "name" : "email",
    "logicalName" : "Email",
    "description" : "Customer's email.",
    "lastModificationIsst" : "2024-09-04T22:02:07.448+00:00",
    "vdpOrder" : 4,
    "fieldProperties" : [ {
      "viewId" : null,
      "fieldName" : null,
      "propName" : "type",
      "propValue" : "text"
    } ]
  }, {
    "id" : 187,
    "name" : "first_name",
    "logicalName" : "First Name",
    "description" : "Customer first name, including middle name when available.",
    "lastModificationIsst" : "2024-09-04T22:02:27.097+00:00",
    "vdpOrder" : 2,
    "fieldProperties" : [ {
      "viewId" : null,
      "fieldName" : null,
      "propName" : "type",
      "propValue" : "text"
    } ]
  }, {
    "id" : 188,
    "name" : "last_name",
    "logicalName" : "Last Name",
    "description" : "Customer last name(s).",
    "lastModificationIsst" : "2024-09-04T22:02:33.106+00:00",
    "vdpOrder" : 3,
    "fieldProperties" : [ {
      "viewId" : null,
      "fieldName" : null,
      "propName" : "type",
      "propValue" : "text"
    } ]
  }, {
    "id" : 189,
    "name" : "phone_number",
    "logicalName" : "Phone Number",
    "description" : "Customer's phone number.",
    "lastModificationIsst" : "2024-09-04T22:02:00.124+00:00",
    "vdpOrder" : 5,
    "fieldProperties" : [ {
      "viewId" : null,
      "fieldName" : null,
      "propName" : "type",
      "propValue" : "text"
    } ]
  }, {
    "id" : 190,
    "name" : "state",
    "logicalName" : "State",
    "description" : "State (location) of the customer.",
    "lastModificationIsst" : "2024-09-04T22:01:33.883+00:00",
    "vdpOrder" : 8,
    "fieldProperties" : [ {
      "viewId" : null,
      "fieldName" : null,
      "propName" : "type",
      "propValue" : "text"
    } ]
  }, {
    "id" : 191,
    "name" : "ticker_close",
    "logicalName" : "Security Closing Value",
    "description" : "Value of security at market close.",
    "lastModificationIsst" : "2024-09-04T21:59:12.584+00:00",
    "vdpOrder" : 13,
    "fieldProperties" : [ {
      "viewId" : null,
      "fieldName" : null,
      "propName" : "type",
      "propValue" : "float"
    } ]
  }, {
    "id" : 192,
    "name" : "ticker_date",
    "logicalName" : "Security Date",
    "description" : "Date associated with security data.",
    "lastModificationIsst" : "2024-09-04T22:00:37.236+00:00",
    "vdpOrder" : 12,
    "fieldProperties" : [ {
      "viewId" : null,
      "fieldName" : null,
      "propName" : "type",
      "propValue" : "localdate"
    } ]
  }, {
    "id" : 193,
    "name" : "ticker_high",
    "logicalName" : "Security Value Maximum",
    "description" : "Highest value achieved by security on given date.",
    "lastModificationIsst" : "2024-09-04T21:58:32.866+00:00",
    "vdpOrder" : 16,
    "fieldProperties" : [ {
      "viewId" : null,
      "fieldName" : null,
      "propName" : "type",
      "propValue" : "float"
    } ]
  }, {
    "id" : 194,
    "name" : "ticker_low",
    "logicalName" : "Security Value Minimum",
    "description" : "Minimum value achieved by the security on the given date.",
    "lastModificationIsst" : "2024-09-04T21:58:41.805+00:00",
    "vdpOrder" : 17,
    "fieldProperties" : [ {
      "viewId" : null,
      "fieldName" : null,
      "propName" : "type",
      "propValue" : "float"
    } ]
  }, {
    "id" : 195,
    "name" : "ticker_open",
    "logicalName" : "Security Opening Value",
    "description" : "Value of security at market open.",
    "lastModificationIsst" : "2024-09-04T21:58:54.860+00:00",
    "vdpOrder" : 15,
    "fieldProperties" : [ {
      "viewId" : null,
      "fieldName" : null,
      "propName" : "type",
      "propValue" : "float"
    } ]
  }, {
    "id" : 196,
    "name" : "ticker_volume",
    "logicalName" : "Security Volume",
    "description" : "Volume of security traded on given date.",
    "lastModificationIsst" : "2024-09-04T21:59:55.721+00:00",
    "vdpOrder" : 14,
    "fieldProperties" : [ {
      "viewId" : null,
      "fieldName" : null,
      "propName" : "type",
      "propValue" : "long"
    } ]
  }, {
    "id" : 197,
    "name" : "zip_code",
    "logicalName" : "ZIP Code",
    "description" : "Customer's ZIP Code.",
    "lastModificationIsst" : "2024-09-04T22:01:17.341+00:00",
    "vdpOrder" : 9,
    "fieldProperties" : [ {
      "viewId" : null,
      "fieldName" : null,
      "propName" : "type",
      "propValue" : "text"
    } ]
  } ],
  "assignedToCategory" : false,
  "assignedToTag" : false
}, {
  "id" : 29,
  "name" : "customer_sec_risks_unified",
  "description" : "Customer Security Holdings with Risk Assessment",
  "descriptionType" : "TEXT",
  "searchDescription" : "Customer Security Holdings with Risk Assessment",
  "synchDate" : "2024-08-23T15:50:36.898+00:00",
  "lastModificationVdpData" : "2024-08-23T15:30:59.000+00:00",
  "lastModificationIsstData" : "2025-01-13T18:45:05.160+00:00",
  "databaseId" : 3,
  "dbName" : null,
  "fieldsTagged" : null,
  "databaseName" : "denodo_hol_bank",
  "viewFields" : [ {
    "id" : 198,
    "name" : "address",
    "logicalName" : "Address",
    "description" : "Customer's address.",
    "lastModificationIsst" : "2024-09-04T22:57:42.710+00:00",
    "vdpOrder" : 6,
    "fieldProperties" : [ {
      "viewId" : null,
      "fieldName" : null,
      "propName" : "type",
      "propValue" : "text"
    } ]
  }, {
    "id" : 199,
    "name" : "city",
    "logicalName" : "City",
    "description" : "City of the customer.",
    "lastModificationIsst" : "2024-09-04T22:57:48.884+00:00",
    "vdpOrder" : 7,
    "fieldProperties" : [ {
      "viewId" : null,
      "fieldName" : null,
      "propName" : "type",
      "propValue" : "text"
    } ]
  }, {
    "id" : 200,
    "name" : "customer_assets_value",
    "logicalName" : "Total Assets Value",
    "description" : "Value of customer's currently owned assets on the given date. Calculated based on the equation (ticker_close * customer_stocks_purchased)",
    "lastModificationIsst" : "2024-09-04T22:07:18.952+00:00",
    "vdpOrder" : 12,
    "fieldProperties" : [ {
      "viewId" : null,
      "fieldName" : null,
      "propName" : "type",
      "propValue" : "float"
    } ]
  }, {
    "id" : 201,
    "name" : "customer_id",
    "logicalName" : "Customer ID",
    "description" : "ID of the customer.",
    "lastModificationIsst" : "2024-09-04T22:53:58.507+00:00",
    "vdpOrder" : 1,
    "fieldProperties" : [ {
      "viewId" : null,
      "fieldName" : null,
      "propName" : "type",
      "propValue" : "int"
    } ]
  }, {
    "id" : 202,
    "name" : "customer_stock_ticker",
    "logicalName" : "Security Name",
    "description" : "Name of the security associated to the data.",
    "lastModificationIsst" : "2024-09-04T22:08:22.641+00:00",
    "vdpOrder" : 10,
    "fieldProperties" : [ {
      "viewId" : null,
      "fieldName" : null,
      "propName" : "type",
      "propValue" : "text"
    } ]
  }, {
    "id" : 203,
    "name" : "customer_stocks_purchased",
    "logicalName" : "Securities Owned",
    "description" : "The number of the given security owned by the customer.",
    "lastModificationIsst" : "2024-09-04T22:06:44.228+00:00",
    "vdpOrder" : 11,
    "fieldProperties" : [ {
      "viewId" : null,
      "fieldName" : null,
      "propName" : "type",
      "propValue" : "int"
    } ]
  }, {
    "id" : 204,
    "name" : "email",
    "logicalName" : "Email",
    "description" : "Customer's email.",
    "lastModificationIsst" : "2024-09-04T22:54:46.194+00:00",
    "vdpOrder" : 4,
    "fieldProperties" : [ {
      "viewId" : null,
      "fieldName" : null,
      "propName" : "type",
      "propValue" : "text"
    } ]
  }, {
    "id" : 205,
    "name" : "first_name",
    "logicalName" : "First Name",
    "description" : "First name of the customer. May include a middle name if available.",
    "lastModificationIsst" : "2024-09-04T22:54:26.211+00:00",
    "vdpOrder" : 2,
    "fieldProperties" : [ {
      "viewId" : null,
      "fieldName" : null,
      "propName" : "type",
      "propValue" : "text"
    } ]
  }, {
    "id" : 206,
    "name" : "last_name",
    "logicalName" : "Last Name",
    "description" : "Last Name(s) of the customer.",
    "lastModificationIsst" : "2024-09-04T22:54:35.181+00:00",
    "vdpOrder" : 3,
    "fieldProperties" : [ {
      "viewId" : null,
      "fieldName" : null,
      "propName" : "type",
      "propValue" : "text"
    } ]
  }, {
    "id" : 207,
    "name" : "phone_number",
    "logicalName" : "Phone Number",
    "description" : "Customer's phone number.",
    "lastModificationIsst" : "2024-09-04T22:55:00.202+00:00",
    "vdpOrder" : 5,
    "fieldProperties" : [ {
      "viewId" : null,
      "fieldName" : null,
      "propName" : "type",
      "propValue" : "text"
    } ]
  }, {
    "id" : 208,
    "name" : "state",
    "logicalName" : "State",
    "description" : "State (location) of the customer.",
    "lastModificationIsst" : "2024-09-04T22:57:57.783+00:00",
    "vdpOrder" : 8,
    "fieldProperties" : [ {
      "viewId" : null,
      "fieldName" : null,
      "propName" : "type",
      "propValue" : "text"
    } ]
  }, {
    "id" : 209,
    "name" : "ticker_close",
    "logicalName" : "Security Closing Value",
    "description" : "Closing price for the security on the given date.",
    "lastModificationIsst" : "2024-09-04T22:55:40.504+00:00",
    "vdpOrder" : 14,
    "fieldProperties" : [ {
      "viewId" : null,
      "fieldName" : null,
      "propName" : "type",
      "propValue" : "float"
    } ]
  }, {
    "id" : 210,
    "name" : "ticker_date",
    "logicalName" : "Security Date",
    "description" : "Date of recording for associated security data.",
    "lastModificationIsst" : "2024-09-04T22:55:26.857+00:00",
    "vdpOrder" : 13,
    "fieldProperties" : [ {
      "viewId" : null,
      "fieldName" : null,
      "propName" : "type",
      "propValue" : "localdate"
    } ]
  }, {
    "id" : 211,
    "name" : "ticker_mcaprank",
    "logicalName" : "Security Market Cap Rank",
    "description" : "Market Cap rank of the security on the given date.",
    "lastModificationIsst" : "2024-09-04T22:56:21.836+00:00",
    "vdpOrder" : 16,
    "fieldProperties" : [ {
      "viewId" : null,
      "fieldName" : null,
      "propName" : "type",
      "propValue" : "float"
    } ]
  }, {
    "id" : 212,
    "name" : "ticker_price_rank",
    "logicalName" : "Security Price Rank",
    "description" : "Security price rank on the given date.",
    "lastModificationIsst" : "2024-09-04T22:57:19.602+00:00",
    "vdpOrder" : 19,
    "fieldProperties" : [ {
      "viewId" : null,
      "fieldName" : null,
      "propName" : "type",
      "propValue" : "float"
    } ]
  }, {
    "id" : 213,
    "name" : "ticker_turnrank",
    "logicalName" : "Security Turn Rank",
    "description" : "Turn rank for security on the given date.",
    "lastModificationIsst" : "2024-09-04T22:57:07.301+00:00",
    "vdpOrder" : 17,
    "fieldProperties" : [ {
      "viewId" : null,
      "fieldName" : null,
      "propName" : "type",
      "propValue" : "float"
    } ]
  }, {
    "id" : 214,
    "name" : "ticker_volatility_rank",
    "logicalName" : "Security Volatility Rank",
    "description" : "Security volatility rank on the given date.",
    "lastModificationIsst" : "2024-09-04T22:57:34.373+00:00",
    "vdpOrder" : 18,
    "fieldProperties" : [ {
      "viewId" : null,
      "fieldName" : null,
      "propName" : "type",
      "propValue" : "float"
    } ]
  }, {
    "id" : 215,
    "name" : "ticker_volume",
    "logicalName" : "Security Volume",
    "description" : "Traded volume of the security for the given date.",
    "lastModificationIsst" : "2024-09-04T22:56:08.623+00:00",
    "vdpOrder" : 15,
    "fieldProperties" : [ {
      "viewId" : null,
      "fieldName" : null,
      "propName" : "type",
      "propValue" : "long"
    } ]
  }, {
    "id" : 216,
    "name" : "zip_code",
    "logicalName" : "Zip Code",
    "description" : "Customer's ZIP Code.",
    "lastModificationIsst" : "2024-09-04T22:58:05.769+00:00",
    "vdpOrder" : 9,
    "fieldProperties" : [ {
      "viewId" : null,
      "fieldName" : null,
      "propName" : "type",
      "propValue" : "text"
    } ]
  } ],
  "assignedToCategory" : false,
  "assignedToTag" : false
}, {
  "id" : 30,
  "name" : "iv_customer_assets",
  "description" : "",
  "descriptionType" : "TEXT",
  "searchDescription" : "",
  "synchDate" : "2024-10-18T21:52:51.833+00:00",
  "lastModificationVdpData" : "2024-08-23T15:30:59.000+00:00",
  "lastModificationIsstData" : "2024-10-18T21:12:22.813+00:00",
  "databaseId" : 3,
  "dbName" : null,
  "fieldsTagged" : null,
  "databaseName" : "denodo_hol_bank",
  "viewFields" : [ {
    "id" : 217,
    "name" : "address",
    "logicalName" : null,
    "description" : "Street address of the customer",
    "lastModificationIsst" : null,
    "vdpOrder" : 6,
    "fieldProperties" : [ {
      "viewId" : null,
      "fieldName" : null,
      "propName" : "type",
      "propValue" : "text"
    } ]
  }, {
    "id" : 218,
    "name" : "city",
    "logicalName" : null,
    "description" : "City where the customer resides",
    "lastModificationIsst" : null,
    "vdpOrder" : 7,
    "fieldProperties" : [ {
      "viewId" : null,
      "fieldName" : null,
      "propName" : "type",
      "propValue" : "text"
    } ]
  }, {
    "id" : 219,
    "name" : "customer_id",
    "logicalName" : null,
    "description" : "Unique identifier of the customer",
    "lastModificationIsst" : null,
    "vdpOrder" : 1,
    "fieldProperties" : [ {
      "viewId" : null,
      "fieldName" : null,
      "propName" : "type",
      "propValue" : "int"
    } ]
  }, {
    "id" : 220,
    "name" : "customer_stock_ticker",
    "logicalName" : null,
    "description" : "Ticker symbol of the stock held by the customer",
    "lastModificationIsst" : null,
    "vdpOrder" : 10,
    "fieldProperties" : [ {
      "viewId" : null,
      "fieldName" : null,
      "propName" : "type",
      "propValue" : "text"
    } ]
  }, {
    "id" : 221,
    "name" : "customer_stocks_purchased",
    "logicalName" : null,
    "description" : "Quantity of stocks purchased by the customer (converted to integer)",
    "lastModificationIsst" : null,
    "vdpOrder" : 11,
    "fieldProperties" : [ {
      "viewId" : null,
      "fieldName" : null,
      "propName" : "type",
      "propValue" : "int"
    } ]
  }, {
    "id" : 222,
    "name" : "email",
    "logicalName" : null,
    "description" : "Email address of the customer",
    "lastModificationIsst" : null,
    "vdpOrder" : 4,
    "fieldProperties" : [ {
      "viewId" : null,
      "fieldName" : null,
      "propName" : "type",
      "propValue" : "text"
    } ]
  }, {
    "id" : 223,
    "name" : "first_name",
    "logicalName" : null,
    "description" : "First name of the customer",
    "lastModificationIsst" : null,
    "vdpOrder" : 2,
    "fieldProperties" : [ {
      "viewId" : null,
      "fieldName" : null,
      "propName" : "type",
      "propValue" : "text"
    } ]
  }, {
    "id" : 224,
    "name" : "last_name",
    "logicalName" : null,
    "description" : "Last name of the customer",
    "lastModificationIsst" : null,
    "vdpOrder" : 3,
    "fieldProperties" : [ {
      "viewId" : null,
      "fieldName" : null,
      "propName" : "type",
      "propValue" : "text"
    } ]
  }, {
    "id" : 225,
    "name" : "phone_number",
    "logicalName" : null,
    "description" : "Phone number of the customer",
    "lastModificationIsst" : null,
    "vdpOrder" : 5,
    "fieldProperties" : [ {
      "viewId" : null,
      "fieldName" : null,
      "propName" : "type",
      "propValue" : "text"
    } ]
  }, {
    "id" : 226,
    "name" : "state",
    "logicalName" : null,
    "description" : "State where the customer resides",
    "lastModificationIsst" : null,
    "vdpOrder" : 8,
    "fieldProperties" : [ {
      "viewId" : null,
      "fieldName" : null,
      "propName" : "type",
      "propValue" : "text"
    } ]
  }, {
    "id" : 227,
    "name" : "ticker_close",
    "logicalName" : null,
    "description" : "Closing price of the stock on the specified date (converted to float)",
    "lastModificationIsst" : null,
    "vdpOrder" : 13,
    "fieldProperties" : [ {
      "viewId" : null,
      "fieldName" : null,
      "propName" : "type",
      "propValue" : "float"
    } ]
  }, {
    "id" : 228,
    "name" : "ticker_date",
    "logicalName" : null,
    "description" : "Date of the stock record (converted to localdate)",
    "lastModificationIsst" : null,
    "vdpOrder" : 12,
    "fieldProperties" : [ {
      "viewId" : null,
      "fieldName" : null,
      "propName" : "type",
      "propValue" : "localdate"
    } ]
  }, {
    "id" : 229,
    "name" : "ticker_high",
    "logicalName" : null,
    "description" : "Highest price of the stock on the specified date (converted to float)",
    "lastModificationIsst" : null,
    "vdpOrder" : 16,
    "fieldProperties" : [ {
      "viewId" : null,
      "fieldName" : null,
      "propName" : "type",
      "propValue" : "float"
    } ]
  }, {
    "id" : 230,
    "name" : "ticker_low",
    "logicalName" : null,
    "description" : "Lowest price of the stock on the specified date (converted to float)",
    "lastModificationIsst" : null,
    "vdpOrder" : 17,
    "fieldProperties" : [ {
      "viewId" : null,
      "fieldName" : null,
      "propName" : "type",
      "propValue" : "float"
    } ]
  }, {
    "id" : 231,
    "name" : "ticker_open",
    "logicalName" : null,
    "description" : "Opening price of the stock on the specified date (converted to float)",
    "lastModificationIsst" : null,
    "vdpOrder" : 15,
    "fieldProperties" : [ {
      "viewId" : null,
      "fieldName" : null,
      "propName" : "type",
      "propValue" : "float"
    } ]
  }, {
    "id" : 232,
    "name" : "ticker_volume",
    "logicalName" : null,
    "description" : "Trading volume of the stock (converted to long)",
    "lastModificationIsst" : null,
    "vdpOrder" : 14,
    "fieldProperties" : [ {
      "viewId" : null,
      "fieldName" : null,
      "propName" : "type",
      "propValue" : "long"
    } ]
  }, {
    "id" : 233,
    "name" : "zip_code",
    "logicalName" : null,
    "description" : "Postal code of the customer's address",
    "lastModificationIsst" : null,
    "vdpOrder" : 9,
    "fieldProperties" : [ {
      "viewId" : null,
      "fieldName" : null,
      "propName" : "type",
      "propValue" : "text"
    } ]
  } ],
  "assignedToCategory" : false,
  "assignedToTag" : false
}, {
  "id" : 32,
  "name" : "iv_customer_sec_risks_unified",
  "description" : "",
  "descriptionType" : "TEXT",
  "searchDescription" : "",
  "synchDate" : "2024-10-18T21:52:51.854+00:00",
  "lastModificationVdpData" : "2024-08-23T15:30:59.000+00:00",
  "lastModificationIsstData" : "2024-10-18T21:12:22.813+00:00",
  "databaseId" : 3,
  "dbName" : null,
  "fieldsTagged" : null,
  "databaseName" : "denodo_hol_bank",
  "viewFields" : [ {
    "id" : 246,
    "name" : "address",
    "logicalName" : null,
    "description" : "Street address of the customer",
    "lastModificationIsst" : null,
    "vdpOrder" : 6,
    "fieldProperties" : [ {
      "viewId" : null,
      "fieldName" : null,
      "propName" : "type",
      "propValue" : "text"
    } ]
  }, {
    "id" : 247,
    "name" : "assets_value",
    "logicalName" : null,
    "description" : "",
    "lastModificationIsst" : null,
    "vdpOrder" : 26,
    "fieldProperties" : [ {
      "viewId" : null,
      "fieldName" : null,
      "propName" : "type",
      "propValue" : "float"
    } ]
  }, {
    "id" : 248,
    "name" : "city",
    "logicalName" : null,
    "description" : "City where the customer resides",
    "lastModificationIsst" : null,
    "vdpOrder" : 7,
    "fieldProperties" : [ {
      "viewId" : null,
      "fieldName" : null,
      "propName" : "type",
      "propValue" : "text"
    } ]
  }, {
    "id" : 249,
    "name" : "customer_id",
    "logicalName" : null,
    "description" : "Unique identifier of the customer",
    "lastModificationIsst" : null,
    "vdpOrder" : 1,
    "fieldProperties" : [ {
      "viewId" : null,
      "fieldName" : null,
      "propName" : "type",
      "propValue" : "int"
    } ]
  }, {
    "id" : 250,
    "name" : "email",
    "logicalName" : null,
    "description" : "Email address of the customer",
    "lastModificationIsst" : null,
    "vdpOrder" : 4,
    "fieldProperties" : [ {
      "viewId" : null,
      "fieldName" : null,
      "propName" : "type",
      "propValue" : "text"
    } ]
  }, {
    "id" : 251,
    "name" : "first_name",
    "logicalName" : null,
    "description" : "First name of the customer",
    "lastModificationIsst" : null,
    "vdpOrder" : 2,
    "fieldProperties" : [ {
      "viewId" : null,
      "fieldName" : null,
      "propName" : "type",
      "propValue" : "text"
    } ]
  }, {
    "id" : 252,
    "name" : "last_name",
    "logicalName" : null,
    "description" : "Last name of the customer",
    "lastModificationIsst" : null,
    "vdpOrder" : 3,
    "fieldProperties" : [ {
      "viewId" : null,
      "fieldName" : null,
      "propName" : "type",
      "propValue" : "text"
    } ]
  }, {
    "id" : 253,
    "name" : "mcaprank",
    "logicalName" : null,
    "description" : "Market capitalization rank of the security (converted to float)",
    "lastModificationIsst" : null,
    "vdpOrder" : 15,
    "fieldProperties" : [ {
      "viewId" : null,
      "fieldName" : null,
      "propName" : "type",
      "propValue" : "float"
    } ]
  }, {
    "id" : 254,
    "name" : "ordervolume",
    "logicalName" : null,
    "description" : "Order volume of the security in thousands (converted to float)",
    "lastModificationIsst" : null,
    "vdpOrder" : 19,
    "fieldProperties" : [ {
      "viewId" : null,
      "fieldName" : null,
      "propName" : "type",
      "propValue" : "float"
    } ]
  }, {
    "id" : 255,
    "name" : "phone_number",
    "logicalName" : null,
    "description" : "Phone number of the customer",
    "lastModificationIsst" : null,
    "vdpOrder" : 5,
    "fieldProperties" : [ {
      "viewId" : null,
      "fieldName" : null,
      "propName" : "type",
      "propValue" : "text"
    } ]
  }, {
    "id" : 256,
    "name" : "pricerank",
    "logicalName" : null,
    "description" : "Price rank of the security (converted to float)",
    "lastModificationIsst" : null,
    "vdpOrder" : 18,
    "fieldProperties" : [ {
      "viewId" : null,
      "fieldName" : null,
      "propName" : "type",
      "propValue" : "float"
    } ]
  }, {
    "id" : 257,
    "name" : "security",
    "logicalName" : null,
    "description" : "Name or type of the security being evaluated",
    "lastModificationIsst" : null,
    "vdpOrder" : 13,
    "fieldProperties" : [ {
      "viewId" : null,
      "fieldName" : null,
      "propName" : "type",
      "propValue" : "text"
    } ]
  }, {
    "id" : 258,
    "name" : "security_metric_date",
    "logicalName" : null,
    "description" : "Date of the security metric record (converted to localdate)",
    "lastModificationIsst" : null,
    "vdpOrder" : 12,
    "fieldProperties" : [ {
      "viewId" : null,
      "fieldName" : null,
      "propName" : "type",
      "propValue" : "localdate"
    } ]
  }, {
    "id" : 259,
    "name" : "state",
    "logicalName" : null,
    "description" : "State where the customer resides",
    "lastModificationIsst" : null,
    "vdpOrder" : 8,
    "fieldProperties" : [ {
      "viewId" : null,
      "fieldName" : null,
      "propName" : "type",
      "propValue" : "text"
    } ]
  }, {
    "id" : 260,
    "name" : "stock_ticker",
    "logicalName" : null,
    "description" : "Ticker symbol of the stock held by the customer",
    "lastModificationIsst" : null,
    "vdpOrder" : 10,
    "fieldProperties" : [ {
      "viewId" : null,
      "fieldName" : null,
      "propName" : "type",
      "propValue" : "text"
    } ]
  }, {
    "id" : 261,
    "name" : "stocks_purchased",
    "logicalName" : null,
    "description" : "Quantity of stocks purchased by the customer (converted to integer)",
    "lastModificationIsst" : null,
    "vdpOrder" : 11,
    "fieldProperties" : [ {
      "viewId" : null,
      "fieldName" : null,
      "propName" : "type",
      "propValue" : "int"
    } ]
  }, {
    "id" : 262,
    "name" : "ticker",
    "logicalName" : null,
    "description" : "Ticker symbol of the security",
    "lastModificationIsst" : null,
    "vdpOrder" : 14,
    "fieldProperties" : [ {
      "viewId" : null,
      "fieldName" : null,
      "propName" : "type",
      "propValue" : "text"
    } ]
  }, {
    "id" : 263,
    "name" : "ticker_close",
    "logicalName" : null,
    "description" : "Closing price of the stock on the specified date (converted to float)",
    "lastModificationIsst" : null,
    "vdpOrder" : 21,
    "fieldProperties" : [ {
      "viewId" : null,
      "fieldName" : null,
      "propName" : "type",
      "propValue" : "float"
    } ]
  }, {
    "id" : 264,
    "name" : "ticker_date",
    "logicalName" : null,
    "description" : "Date of the stock record (converted to localdate)",
    "lastModificationIsst" : null,
    "vdpOrder" : 20,
    "fieldProperties" : [ {
      "viewId" : null,
      "fieldName" : null,
      "propName" : "type",
      "propValue" : "localdate"
    } ]
  }, {
    "id" : 265,
    "name" : "ticker_high",
    "logicalName" : null,
    "description" : "Highest price of the stock on the specified date (converted to float)",
    "lastModificationIsst" : null,
    "vdpOrder" : 24,
    "fieldProperties" : [ {
      "viewId" : null,
      "fieldName" : null,
      "propName" : "type",
      "propValue" : "float"
    } ]
  }, {
    "id" : 266,
    "name" : "ticker_low",
    "logicalName" : null,
    "description" : "Lowest price of the stock on the specified date (converted to float)",
    "lastModificationIsst" : null,
    "vdpOrder" : 25,
    "fieldProperties" : [ {
      "viewId" : null,
      "fieldName" : null,
      "propName" : "type",
      "propValue" : "float"
    } ]
  }, {
    "id" : 267,
    "name" : "ticker_open",
    "logicalName" : null,
    "description" : "Opening price of the stock on the specified date (converted to float)",
    "lastModificationIsst" : null,
    "vdpOrder" : 23,
    "fieldProperties" : [ {
      "viewId" : null,
      "fieldName" : null,
      "propName" : "type",
      "propValue" : "float"
    } ]
  }, {
    "id" : 268,
    "name" : "ticker_volume",
    "logicalName" : null,
    "description" : "Trading volume of the stock (converted to long)",
    "lastModificationIsst" : null,
    "vdpOrder" : 22,
    "fieldProperties" : [ {
      "viewId" : null,
      "fieldName" : null,
      "propName" : "type",
      "propValue" : "long"
    } ]
  }, {
    "id" : 269,
    "name" : "turnrank",
    "logicalName" : null,
    "description" : "Turnover rank of the security (converted to float)",
    "lastModificationIsst" : null,
    "vdpOrder" : 16,
    "fieldProperties" : [ {
      "viewId" : null,
      "fieldName" : null,
      "propName" : "type",
      "propValue" : "float"
    } ]
  }, {
    "id" : 270,
    "name" : "volatilityrank",
    "logicalName" : null,
    "description" : "Volatility rank of the security (converted to float)",
    "lastModificationIsst" : null,
    "vdpOrder" : 17,
    "fieldProperties" : [ {
      "viewId" : null,
      "fieldName" : null,
      "propName" : "type",
      "propValue" : "float"
    } ]
  }, {
    "id" : 271,
    "name" : "zip_code",
    "logicalName" : null,
    "description" : "Postal code of the customer's address",
    "lastModificationIsst" : null,
    "vdpOrder" : 9,
    "fieldProperties" : [ {
      "viewId" : null,
      "fieldName" : null,
      "propName" : "type",
      "propValue" : "text"
    } ]
  } ],
  "assignedToCategory" : false,
  "assignedToTag" : false
}, {
  "id" : 34,
  "name" : "p_customer_stock_holdings",
  "description" : "",
  "descriptionType" : "TEXT",
  "searchDescription" : "",
  "synchDate" : "2024-10-18T21:52:51.855+00:00",
  "lastModificationVdpData" : "2024-08-23T15:30:58.000+00:00",
  "lastModificationIsstData" : "2024-10-18T21:12:22.813+00:00",
  "databaseId" : 3,
  "dbName" : null,
  "fieldsTagged" : null,
  "databaseName" : "denodo_hol_bank",
  "viewFields" : [ {
    "id" : 277,
    "name" : "customer_stock_ticker",
    "logicalName" : null,
    "description" : "Ticker symbol of the stock held by the customer",
    "lastModificationIsst" : null,
    "vdpOrder" : 2,
    "fieldProperties" : [ {
      "viewId" : null,
      "fieldName" : null,
      "propName" : "type",
      "propValue" : "text"
    } ]
  }, {
    "id" : 278,
    "name" : "customer_stocks_purchased",
    "logicalName" : null,
    "description" : "Quantity of stocks purchased by the customer (converted to integer)",
    "lastModificationIsst" : null,
    "vdpOrder" : 3,
    "fieldProperties" : [ {
      "viewId" : null,
      "fieldName" : null,
      "propName" : "type",
      "propValue" : "int"
    } ]
  }, {
    "id" : 279,
    "name" : "email",
    "logicalName" : null,
    "description" : "Email address of the customer",
    "lastModificationIsst" : null,
    "vdpOrder" : 1,
    "fieldProperties" : [ {
      "viewId" : null,
      "fieldName" : null,
      "propName" : "type",
      "propValue" : "text"
    } ]
  } ],
  "assignedToCategory" : false,
  "assignedToTag" : false
}, {
  "id" : 35,
  "name" : "p_customers",
  "description" : "",
  "descriptionType" : "TEXT",
  "searchDescription" : "",
  "synchDate" : "2024-10-18T21:52:51.872+00:00",
  "lastModificationVdpData" : "2024-08-23T15:30:58.000+00:00",
  "lastModificationIsstData" : "2024-10-18T21:12:22.813+00:00",
  "databaseId" : 3,
  "dbName" : null,
  "fieldsTagged" : null,
  "databaseName" : "denodo_hol_bank",
  "viewFields" : [ {
    "id" : 280,
    "name" : "address",
    "logicalName" : null,
    "description" : "Street address of the customer",
    "lastModificationIsst" : null,
    "vdpOrder" : 6,
    "fieldProperties" : [ {
      "viewId" : null,
      "fieldName" : null,
      "propName" : "type",
      "propValue" : "text"
    } ]
  }, {
    "id" : 281,
    "name" : "city",
    "logicalName" : null,
    "description" : "City where the customer resides",
    "lastModificationIsst" : null,
    "vdpOrder" : 7,
    "fieldProperties" : [ {
      "viewId" : null,
      "fieldName" : null,
      "propName" : "type",
      "propValue" : "text"
    } ]
  }, {
    "id" : 282,
    "name" : "customer_id",
    "logicalName" : null,
    "description" : "Unique identifier of the customer",
    "lastModificationIsst" : null,
    "vdpOrder" : 1,
    "fieldProperties" : [ {
      "viewId" : null,
      "fieldName" : null,
      "propName" : "type",
      "propValue" : "int"
    } ]
  }, {
    "id" : 283,
    "name" : "email",
    "logicalName" : null,
    "description" : "Email address of the customer",
    "lastModificationIsst" : null,
    "vdpOrder" : 4,
    "fieldProperties" : [ {
      "viewId" : null,
      "fieldName" : null,
      "propName" : "type",
      "propValue" : "text"
    } ]
  }, {
    "id" : 284,
    "name" : "first_name",
    "logicalName" : null,
    "description" : "First name of the customer",
    "lastModificationIsst" : null,
    "vdpOrder" : 2,
    "fieldProperties" : [ {
      "viewId" : null,
      "fieldName" : null,
      "propName" : "type",
      "propValue" : "text"
    } ]
  }, {
    "id" : 285,
    "name" : "last_name",
    "logicalName" : null,
    "description" : "Last name of the customer",
    "lastModificationIsst" : null,
    "vdpOrder" : 3,
    "fieldProperties" : [ {
      "viewId" : null,
      "fieldName" : null,
      "propName" : "type",
      "propValue" : "text"
    } ]
  }, {
    "id" : 286,
    "name" : "phone_number",
    "logicalName" : null,
    "description" : "Phone number of the customer",
    "lastModificationIsst" : null,
    "vdpOrder" : 5,
    "fieldProperties" : [ {
      "viewId" : null,
      "fieldName" : null,
      "propName" : "type",
      "propValue" : "text"
    } ]
  }, {
    "id" : 287,
    "name" : "state",
    "logicalName" : null,
    "description" : "State where the customer resides",
    "lastModificationIsst" : null,
    "vdpOrder" : 8,
    "fieldProperties" : [ {
      "viewId" : null,
      "fieldName" : null,
      "propName" : "type",
      "propValue" : "text"
    } ]
  }, {
    "id" : 288,
    "name" : "zip_code",
    "logicalName" : null,
    "description" : "Postal code of the customer's address",
    "lastModificationIsst" : null,
    "vdpOrder" : 9,
    "fieldProperties" : [ {
      "viewId" : null,
      "fieldName" : null,
      "propName" : "type",
      "propValue" : "text"
    } ]
  } ],
  "assignedToCategory" : false,
  "assignedToTag" : false
}, {
  "id" : 36,
  "name" : "p_security_metrics",
  "description" : "",
  "descriptionType" : "TEXT",
  "searchDescription" : "",
  "synchDate" : "2024-10-18T21:52:51.881+00:00",
  "lastModificationVdpData" : "2024-08-23T15:30:58.000+00:00",
  "lastModificationIsstData" : "2024-10-18T21:12:22.813+00:00",
  "databaseId" : 3,
  "dbName" : null,
  "fieldsTagged" : null,
  "databaseName" : "denodo_hol_bank",
  "viewFields" : [ {
    "id" : 289,
    "name" : "mcaprank",
    "logicalName" : null,
    "description" : "Market capitalization rank of the security (converted to float)",
    "lastModificationIsst" : null,
    "vdpOrder" : 4,
    "fieldProperties" : [ {
      "viewId" : null,
      "fieldName" : null,
      "propName" : "type",
      "propValue" : "float"
    } ]
  }, {
    "id" : 290,
    "name" : "ordervolume",
    "logicalName" : null,
    "description" : "Order volume of the security in thousands (converted to float)",
    "lastModificationIsst" : null,
    "vdpOrder" : 8,
    "fieldProperties" : [ {
      "viewId" : null,
      "fieldName" : null,
      "propName" : "type",
      "propValue" : "float"
    } ]
  }, {
    "id" : 291,
    "name" : "pricerank",
    "logicalName" : null,
    "description" : "Price rank of the security (converted to float)",
    "lastModificationIsst" : null,
    "vdpOrder" : 7,
    "fieldProperties" : [ {
      "viewId" : null,
      "fieldName" : null,
      "propName" : "type",
      "propValue" : "float"
    } ]
  }, {
    "id" : 292,
    "name" : "security",
    "logicalName" : null,
    "description" : "Name or type of the security being evaluated",
    "lastModificationIsst" : null,
    "vdpOrder" : 2,
    "fieldProperties" : [ {
      "viewId" : null,
      "fieldName" : null,
      "propName" : "type",
      "propValue" : "text"
    } ]
  }, {
    "id" : 293,
    "name" : "ticker",
    "logicalName" : null,
    "description" : "Ticker symbol of the security",
    "lastModificationIsst" : null,
    "vdpOrder" : 3,
    "fieldProperties" : [ {
      "viewId" : null,
      "fieldName" : null,
      "propName" : "type",
      "propValue" : "text"
    } ]
  }, {
    "id" : 294,
    "name" : "ticker_date",
    "logicalName" : null,
    "description" : "Date of the security metric record (converted to localdate)",
    "lastModificationIsst" : null,
    "vdpOrder" : 1,
    "fieldProperties" : [ {
      "viewId" : null,
      "fieldName" : null,
      "propName" : "type",
      "propValue" : "localdate"
    } ]
  }, {
    "id" : 295,
    "name" : "turnrank",
    "logicalName" : null,
    "description" : "Turnover rank of the security (converted to float)",
    "lastModificationIsst" : null,
    "vdpOrder" : 5,
    "fieldProperties" : [ {
      "viewId" : null,
      "fieldName" : null,
      "propName" : "type",
      "propValue" : "float"
    } ]
  }, {
    "id" : 296,
    "name" : "volatilityrank",
    "logicalName" : null,
    "description" : "Volatility rank of the security (converted to float)",
    "lastModificationIsst" : null,
    "vdpOrder" : 6,
    "fieldProperties" : [ {
      "viewId" : null,
      "fieldName" : null,
      "propName" : "type",
      "propValue" : "float"
    } ]
  } ],
  "assignedToCategory" : false,
  "assignedToTag" : false
}, {
  "id" : 37,
  "name" : "p_ticker_api",
  "description" : "",
  "descriptionType" : "TEXT",
  "searchDescription" : "",
  "synchDate" : "2024-10-18T21:52:51.886+00:00",
  "lastModificationVdpData" : "2024-08-23T15:30:58.000+00:00",
  "lastModificationIsstData" : "2024-10-18T21:12:22.813+00:00",
  "databaseId" : 3,
  "dbName" : null,
  "fieldsTagged" : null,
  "databaseName" : "denodo_hol_bank",
  "viewFields" : [ {
    "id" : 297,
    "name" : "ticker",
    "logicalName" : null,
    "description" : "Ticker symbol of the stock",
    "lastModificationIsst" : null,
    "vdpOrder" : 1,
    "fieldProperties" : [ {
      "viewId" : null,
      "fieldName" : null,
      "propName" : "type",
      "propValue" : "text"
    } ]
  }, {
    "id" : 298,
    "name" : "ticker_close",
    "logicalName" : null,
    "description" : "Closing price of the stock on the specified date (converted to float)",
    "lastModificationIsst" : null,
    "vdpOrder" : 3,
    "fieldProperties" : [ {
      "viewId" : null,
      "fieldName" : null,
      "propName" : "type",
      "propValue" : "float"
    } ]
  }, {
    "id" : 299,
    "name" : "ticker_date",
    "logicalName" : null,
    "description" : "Date of the stock record (converted to localdate)",
    "lastModificationIsst" : null,
    "vdpOrder" : 2,
    "fieldProperties" : [ {
      "viewId" : null,
      "fieldName" : null,
      "propName" : "type",
      "propValue" : "localdate"
    } ]
  }, {
    "id" : 300,
    "name" : "ticker_high",
    "logicalName" : null,
    "description" : "Highest price of the stock on the specified date (converted to float)",
    "lastModificationIsst" : null,
    "vdpOrder" : 6,
    "fieldProperties" : [ {
      "viewId" : null,
      "fieldName" : null,
      "propName" : "type",
      "propValue" : "float"
    } ]
  }, {
    "id" : 301,
    "name" : "ticker_low",
    "logicalName" : null,
    "description" : "Lowest price of the stock on the specified date (converted to float)",
    "lastModificationIsst" : null,
    "vdpOrder" : 7,
    "fieldProperties" : [ {
      "viewId" : null,
      "fieldName" : null,
      "propName" : "type",
      "propValue" : "float"
    } ]
  }, {
    "id" : 302,
    "name" : "ticker_open",
    "logicalName" : null,
    "description" : "Opening price of the stock on the specified date (converted to float)",
    "lastModificationIsst" : null,
    "vdpOrder" : 5,
    "fieldProperties" : [ {
      "viewId" : null,
      "fieldName" : null,
      "propName" : "type",
      "propValue" : "float"
    } ]
  }, {
    "id" : 303,
    "name" : "ticker_volume",
    "logicalName" : null,
    "description" : "Trading volume of the stock (converted to long)",
    "lastModificationIsst" : null,
    "vdpOrder" : 4,
    "fieldProperties" : [ {
      "viewId" : null,
      "fieldName" : null,
      "propName" : "type",
      "propValue" : "long"
    } ]
  } ],
  "assignedToCategory" : false,
  "assignedToTag" : false
}, {
  "id" : 38,
  "name" : "sd_customer_stock_holdings",
  "description" : "",
  "descriptionType" : "TEXT",
  "searchDescription" : "",
  "synchDate" : "2024-10-18T21:52:51.888+00:00",
  "lastModificationVdpData" : "2024-08-23T15:30:58.000+00:00",
  "lastModificationIsstData" : "2024-10-18T21:12:22.813+00:00",
  "databaseId" : 3,
  "dbName" : null,
  "fieldsTagged" : null,
  "databaseName" : "denodo_hol_bank",
  "viewFields" : [ {
    "id" : 304,
    "name" : "email",
    "logicalName" : "Email",
    "description" : "Email address of the customer",
    "lastModificationIsst" : null,
    "vdpOrder" : 1,
    "fieldProperties" : [ {
      "viewId" : null,
      "fieldName" : null,
      "propName" : "type",
      "propValue" : "text"
    } ]
  }, {
    "id" : 305,
    "name" : "stock_ticker",
    "logicalName" : "Ticker Symbol",
    "description" : "Ticker symbol of the stock held by the customer",
    "lastModificationIsst" : null,
    "vdpOrder" : 2,
    "fieldProperties" : [ {
      "viewId" : null,
      "fieldName" : null,
      "propName" : "type",
      "propValue" : "text"
    } ]
  }, {
    "id" : 306,
    "name" : "stocks_purchased",
    "logicalName" : "Stocks Purchased",
    "description" : "Quantity of stocks purchased by the customer (converted to integer)",
    "lastModificationIsst" : null,
    "vdpOrder" : 3,
    "fieldProperties" : [ {
      "viewId" : null,
      "fieldName" : null,
      "propName" : "type",
      "propValue" : "int"
    } ]
  } ],
  "assignedToCategory" : false,
  "assignedToTag" : false
}, {
  "id" : 39,
  "name" : "sd_security_metrics",
  "description" : "",
  "descriptionType" : "TEXT",
  "searchDescription" : "",
  "synchDate" : "2024-10-18T21:52:51.895+00:00",
  "lastModificationVdpData" : "2024-08-23T15:30:58.000+00:00",
  "lastModificationIsstData" : "2024-10-18T21:12:22.813+00:00",
  "databaseId" : 3,
  "dbName" : null,
  "fieldsTagged" : null,
  "databaseName" : "denodo_hol_bank",
  "viewFields" : [ {
    "id" : 307,
    "name" : "date",
    "logicalName" : "Metric Record Date",
    "description" : "Date of the security metric record (converted to localdate)",
    "lastModificationIsst" : null,
    "vdpOrder" : 1,
    "fieldProperties" : [ {
      "viewId" : null,
      "fieldName" : null,
      "propName" : "type",
      "propValue" : "localdate"
    } ]
  }, {
    "id" : 308,
    "name" : "mcaprank",
    "logicalName" : "Market Capitalization Rank",
    "description" : "Market capitalization rank of the security (converted to float)",
    "lastModificationIsst" : null,
    "vdpOrder" : 4,
    "fieldProperties" : [ {
      "viewId" : null,
      "fieldName" : null,
      "propName" : "type",
      "propValue" : "float"
    } ]
  }, {
    "id" : 309,
    "name" : "ordervolume",
    "logicalName" : "Order Volume",
    "description" : "Order volume of the security in thousands (converted to float)",
    "lastModificationIsst" : null,
    "vdpOrder" : 8,
    "fieldProperties" : [ {
      "viewId" : null,
      "fieldName" : null,
      "propName" : "type",
      "propValue" : "float"
    } ]
  }, {
    "id" : 310,
    "name" : "pricerank",
    "logicalName" : "Price Rank",
    "description" : "Price rank of the security (converted to float)",
    "lastModificationIsst" : null,
    "vdpOrder" : 7,
    "fieldProperties" : [ {
      "viewId" : null,
      "fieldName" : null,
      "propName" : "type",
      "propValue" : "float"
    } ]
  }, {
    "id" : 311,
    "name" : "security",
    "logicalName" : "Security Name",
    "description" : "Name or type of the security being evaluated",
    "lastModificationIsst" : null,
    "vdpOrder" : 2,
    "fieldProperties" : [ {
      "viewId" : null,
      "fieldName" : null,
      "propName" : "type",
      "propValue" : "text"
    } ]
  }, {
    "id" : 312,
    "name" : "ticker",
    "logicalName" : "Ticker Symbol",
    "description" : "Ticker symbol of the security",
    "lastModificationIsst" : null,
    "vdpOrder" : 3,
    "fieldProperties" : [ {
      "viewId" : null,
      "fieldName" : null,
      "propName" : "type",
      "propValue" : "text"
    } ]
  }, {
    "id" : 313,
    "name" : "turnrank",
    "logicalName" : "Turnover Rank",
    "description" : "Turnover rank of the security (converted to float)",
    "lastModificationIsst" : null,
    "vdpOrder" : 5,
    "fieldProperties" : [ {
      "viewId" : null,
      "fieldName" : null,
      "propName" : "type",
      "propValue" : "float"
    } ]
  }, {
    "id" : 314,
    "name" : "volatilityrank",
    "logicalName" : "Volatility Rank",
    "description" : "Volatility rank of the security (converted to float)",
    "lastModificationIsst" : null,
    "vdpOrder" : 6,
    "fieldProperties" : [ {
      "viewId" : null,
      "fieldName" : null,
      "propName" : "type",
      "propValue" : "float"
    } ]
  } ],
  "assignedToCategory" : false,
  "assignedToTag" : false
}, {
  "id" : 40,
  "name" : "sd_ticker_api",
  "description" : "",
  "descriptionType" : "TEXT",
  "searchDescription" : "",
  "synchDate" : "2025-01-13T18:38:32.088+00:00",
  "lastModificationVdpData" : "2024-08-23T15:30:58.000+00:00",
  "lastModificationIsstData" : "2024-10-18T21:12:22.813+00:00",
  "databaseId" : 3,
  "dbName" : null,
  "fieldsTagged" : null,
  "databaseName" : "denodo_hol_bank",
  "viewFields" : [ {
    "id" : 315,
    "name" : "close",
    "logicalName" : "Closing Price",
    "description" : "Closing price of the stock on the specified date (converted to float)",
    "lastModificationIsst" : null,
    "vdpOrder" : 4,
    "fieldProperties" : [ {
      "viewId" : null,
      "fieldName" : null,
      "propName" : "type",
      "propValue" : "float"
    } ]
  }, {
    "id" : 316,
    "name" : "date",
    "logicalName" : "Stock Record Date",
    "description" : "Date of the stock record (converted to localdate)",
    "lastModificationIsst" : null,
    "vdpOrder" : 3,
    "fieldProperties" : [ {
      "viewId" : null,
      "fieldName" : null,
      "propName" : "type",
      "propValue" : "localdate"
    } ]
  }, {
    "id" : 317,
    "name" : "high",
    "logicalName" : "Highest Price",
    "description" : "Highest price of the stock on the specified date (converted to float)",
    "lastModificationIsst" : null,
    "vdpOrder" : 7,
    "fieldProperties" : [ {
      "viewId" : null,
      "fieldName" : null,
      "propName" : "type",
      "propValue" : "float"
    } ]
  }, {
    "id" : 318,
    "name" : "low",
    "logicalName" : "Lowest Price",
    "description" : "Lowest price of the stock on the specified date (converted to float)",
    "lastModificationIsst" : null,
    "vdpOrder" : 8,
    "fieldProperties" : [ {
      "viewId" : null,
      "fieldName" : null,
      "propName" : "type",
      "propValue" : "float"
    } ]
  }, {
    "id" : 320,
    "name" : "open",
    "logicalName" : "Opening Price",
    "description" : "Opening price of the stock on the specified date (converted to float)",
    "lastModificationIsst" : null,
    "vdpOrder" : 6,
    "fieldProperties" : [ {
      "viewId" : null,
      "fieldName" : null,
      "propName" : "type",
      "propValue" : "float"
    } ]
  }, {
    "id" : 321,
    "name" : "ticker",
    "logicalName" : "Ticker Symbol",
    "description" : "Ticker symbol of the stock",
    "lastModificationIsst" : null,
    "vdpOrder" : 2,
    "fieldProperties" : [ {
      "viewId" : null,
      "fieldName" : null,
      "propName" : "type",
      "propValue" : "text"
    } ]
  }, {
    "id" : 322,
    "name" : "volume",
    "logicalName" : "Trading Volume",
    "description" : "Trading volume of the stock (converted to long)",
    "lastModificationIsst" : null,
    "vdpOrder" : 5,
    "fieldProperties" : [ {
      "viewId" : null,
      "fieldName" : null,
      "propName" : "type",
      "propValue" : "long"
    } ]
  } ],
  "assignedToCategory" : false,
  "assignedToTag" : false
}, {
  "id" : 49,
  "name" : "bv_bank_customers",
  "description" : "",
  "descriptionType" : "TEXT",
  "searchDescription" : "",
  "synchDate" : "2025-01-13T18:38:31.856+00:00",
  "lastModificationVdpData" : "2025-01-13T17:12:42.000+00:00",
  "lastModificationIsstData" : null,
  "databaseId" : 3,
  "dbName" : null,
  "fieldsTagged" : null,
  "databaseName" : "denodo_hol_bank",
  "viewFields" : [ {
    "id" : 401,
    "name" : "address",
    "logicalName" : null,
    "description" : "Street address of the customer",
    "lastModificationIsst" : null,
    "vdpOrder" : 6,
    "fieldProperties" : [ {
      "viewId" : null,
      "fieldName" : null,
      "propName" : "type",
      "propValue" : "text"
    } ]
  }, {
    "id" : 402,
    "name" : "city",
    "logicalName" : null,
    "description" : "City where the customer resides",
    "lastModificationIsst" : null,
    "vdpOrder" : 7,
    "fieldProperties" : [ {
      "viewId" : null,
      "fieldName" : null,
      "propName" : "type",
      "propValue" : "text"
    } ]
  }, {
    "id" : 403,
    "name" : "customer_id",
    "logicalName" : null,
    "description" : "Unique identifier of the customer",
    "lastModificationIsst" : null,
    "vdpOrder" : 1,
    "fieldProperties" : [ {
      "viewId" : null,
      "fieldName" : null,
      "propName" : "type",
      "propValue" : "int"
    } ]
  }, {
    "id" : 404,
    "name" : "email",
    "logicalName" : null,
    "description" : "Email address of the customer",
    "lastModificationIsst" : null,
    "vdpOrder" : 4,
    "fieldProperties" : [ {
      "viewId" : null,
      "fieldName" : null,
      "propName" : "type",
      "propValue" : "text"
    } ]
  }, {
    "id" : 405,
    "name" : "first_name",
    "logicalName" : null,
    "description" : "First name of the customer",
    "lastModificationIsst" : null,
    "vdpOrder" : 2,
    "fieldProperties" : [ {
      "viewId" : null,
      "fieldName" : null,
      "propName" : "type",
      "propValue" : "text"
    } ]
  }, {
    "id" : 406,
    "name" : "last_name",
    "logicalName" : null,
    "description" : "Last name of the customer",
    "lastModificationIsst" : null,
    "vdpOrder" : 3,
    "fieldProperties" : [ {
      "viewId" : null,
      "fieldName" : null,
      "propName" : "type",
      "propValue" : "text"
    } ]
  }, {
    "id" : 407,
    "name" : "phone_number",
    "logicalName" : null,
    "description" : "Phone number of the customer",
    "lastModificationIsst" : null,
    "vdpOrder" : 5,
    "fieldProperties" : [ {
      "viewId" : null,
      "fieldName" : null,
      "propName" : "type",
      "propValue" : "text"
    } ]
  }, {
    "id" : 408,
    "name" : "state",
    "logicalName" : null,
    "description" : "State where the customer resides",
    "lastModificationIsst" : null,
    "vdpOrder" : 8,
    "fieldProperties" : [ {
      "viewId" : null,
      "fieldName" : null,
      "propName" : "type",
      "propValue" : "text"
    } ]
  }, {
    "id" : 409,
    "name" : "zip_code",
    "logicalName" : null,
    "description" : "Postal code of the customer's address",
    "lastModificationIsst" : null,
    "vdpOrder" : 9,
    "fieldProperties" : [ {
      "viewId" : null,
      "fieldName" : null,
      "propName" : "type",
      "propValue" : "text"
    } ]
  } ],
  "assignedToCategory" : false,
  "assignedToTag" : false
}, {
  "id" : 50,
  "name" : "bv_bank_loan_officers",
  "description" : "",
  "descriptionType" : "TEXT",
  "searchDescription" : "",
  "synchDate" : "2025-01-13T18:38:31.859+00:00",
  "lastModificationVdpData" : "2025-01-13T17:12:43.000+00:00",
  "lastModificationIsstData" : null,
  "databaseId" : 3,
  "dbName" : null,
  "fieldsTagged" : null,
  "databaseName" : "denodo_hol_bank",
  "viewFields" : [ {
    "id" : 410,
    "name" : "email",
    "logicalName" : null,
    "description" : "Email address of the loan officer",
    "lastModificationIsst" : null,
    "vdpOrder" : 4,
    "fieldProperties" : [ {
      "viewId" : null,
      "fieldName" : null,
      "propName" : "type",
      "propValue" : "text"
    } ]
  }, {
    "id" : 411,
    "name" : "first_name",
    "logicalName" : null,
    "description" : "First name of the loan officer",
    "lastModificationIsst" : null,
    "vdpOrder" : 2,
    "fieldProperties" : [ {
      "viewId" : null,
      "fieldName" : null,
      "propName" : "type",
      "propValue" : "text"
    } ]
  }, {
    "id" : 412,
    "name" : "last_name",
    "logicalName" : null,
    "description" : "Last name of the loan officer",
    "lastModificationIsst" : null,
    "vdpOrder" : 3,
    "fieldProperties" : [ {
      "viewId" : null,
      "fieldName" : null,
      "propName" : "type",
      "propValue" : "text"
    } ]
  }, {
    "id" : 413,
    "name" : "loan_officer_id",
    "logicalName" : null,
    "description" : "Unique identifier of the loan officer",
    "lastModificationIsst" : null,
    "vdpOrder" : 1,
    "fieldProperties" : [ {
      "viewId" : null,
      "fieldName" : null,
      "propName" : "type",
      "propValue" : "int"
    } ]
  }, {
    "id" : 414,
    "name" : "phone_number",
    "logicalName" : null,
    "description" : "Phone number of the loan officer",
    "lastModificationIsst" : null,
    "vdpOrder" : 5,
    "fieldProperties" : [ {
      "viewId" : null,
      "fieldName" : null,
      "propName" : "type",
      "propValue" : "text"
    } ]
  } ],
  "assignedToCategory" : false,
  "assignedToTag" : false
}, {
  "id" : 51,
  "name" : "bv_bank_loans",
  "description" : "",
  "descriptionType" : "TEXT",
  "searchDescription" : "",
  "synchDate" : "2025-01-13T18:38:31.859+00:00",
  "lastModificationVdpData" : "2025-01-13T17:12:44.000+00:00",
  "lastModificationIsstData" : null,
  "databaseId" : 3,
  "dbName" : null,
  "fieldsTagged" : null,
  "databaseName" : "denodo_hol_bank",
  "viewFields" : [ {
    "id" : 415,
    "name" : "customer_id",
    "logicalName" : null,
    "description" : "Unique identifier of the customer who took the loan",
    "lastModificationIsst" : null,
    "vdpOrder" : 2,
    "fieldProperties" : [ {
      "viewId" : null,
      "fieldName" : null,
      "propName" : "type",
      "propValue" : "int"
    } ]
  }, {
    "id" : 416,
    "name" : "interest_rate",
    "logicalName" : null,
    "description" : "Interest rate applied to the loan",
    "lastModificationIsst" : null,
    "vdpOrder" : 4,
    "fieldProperties" : [ {
      "viewId" : null,
      "fieldName" : null,
      "propName" : "type",
      "propValue" : "double"
    } ]
  }, {
    "id" : 417,
    "name" : "loan_amount",
    "logicalName" : null,
    "description" : "Total amount of the loan",
    "lastModificationIsst" : null,
    "vdpOrder" : 3,
    "fieldProperties" : [ {
      "viewId" : null,
      "fieldName" : null,
      "propName" : "type",
      "propValue" : "double"
    } ]
  }, {
    "id" : 418,
    "name" : "loan_id",
    "logicalName" : null,
    "description" : "Unique identifier of the loan",
    "lastModificationIsst" : null,
    "vdpOrder" : 1,
    "fieldProperties" : [ {
      "viewId" : null,
      "fieldName" : null,
      "propName" : "type",
      "propValue" : "int"
    } ]
  }, {
    "id" : 419,
    "name" : "loan_officer_id",
    "logicalName" : null,
    "description" : "Unique identifier of the loan officer handling the loan",
    "lastModificationIsst" : null,
    "vdpOrder" : 7,
    "fieldProperties" : [ {
      "viewId" : null,
      "fieldName" : null,
      "propName" : "type",
      "propValue" : "int"
    } ]
  }, {
    "id" : 420,
    "name" : "property_id",
    "logicalName" : null,
    "description" : "Unique identifier of the property being financed",
    "lastModificationIsst" : null,
    "vdpOrder" : 6,
    "fieldProperties" : [ {
      "viewId" : null,
      "fieldName" : null,
      "propName" : "type",
      "propValue" : "int"
    } ]
  }, {
    "id" : 421,
    "name" : "status",
    "logicalName" : null,
    "description" : "Current status of the loan (e.g., active, closed)",
    "lastModificationIsst" : null,
    "vdpOrder" : 8,
    "fieldProperties" : [ {
      "viewId" : null,
      "fieldName" : null,
      "propName" : "type",
      "propValue" : "text"
    } ]
  }, {
    "id" : 422,
    "name" : "term",
    "logicalName" : null,
    "description" : "Term duration of the loan in months or years",
    "lastModificationIsst" : null,
    "vdpOrder" : 5,
    "fieldProperties" : [ {
      "viewId" : null,
      "fieldName" : null,
      "propName" : "type",
      "propValue" : "int"
    } ]
  } ],
  "assignedToCategory" : false,
  "assignedToTag" : false
}, {
  "id" : 52,
  "name" : "bv_bank_payments",
  "description" : "",
  "descriptionType" : "TEXT",
  "searchDescription" : "",
  "synchDate" : "2025-01-13T18:38:31.859+00:00",
  "lastModificationVdpData" : "2025-01-13T17:12:43.000+00:00",
  "lastModificationIsstData" : null,
  "databaseId" : 3,
  "dbName" : null,
  "fieldsTagged" : null,
  "databaseName" : "denodo_hol_bank",
  "viewFields" : [ {
    "id" : 423,
    "name" : "loan_id",
    "logicalName" : null,
    "description" : "Unique identifier of the loan for which the payment is made",
    "lastModificationIsst" : null,
    "vdpOrder" : 2,
    "fieldProperties" : [ {
      "viewId" : null,
      "fieldName" : null,
      "propName" : "type",
      "propValue" : "int"
    } ]
  }, {
    "id" : 424,
    "name" : "payment_amount",
    "logicalName" : null,
    "description" : "Amount of the payment made",
    "lastModificationIsst" : null,
    "vdpOrder" : 3,
    "fieldProperties" : [ {
      "viewId" : null,
      "fieldName" : null,
      "propName" : "type",
      "propValue" : "double"
    } ]
  }, {
    "id" : 425,
    "name" : "payment_date",
    "logicalName" : null,
    "description" : "Date the payment was made",
    "lastModificationIsst" : null,
    "vdpOrder" : 4,
    "fieldProperties" : [ {
      "viewId" : null,
      "fieldName" : null,
      "propName" : "type",
      "propValue" : "text"
    } ]
  }, {
    "id" : 426,
    "name" : "payment_id",
    "logicalName" : null,
    "description" : "Unique identifier of the payment",
    "lastModificationIsst" : null,
    "vdpOrder" : 1,
    "fieldProperties" : [ {
      "viewId" : null,
      "fieldName" : null,
      "propName" : "type",
      "propValue" : "int"
    } ]
  } ],
  "assignedToCategory" : false,
  "assignedToTag" : false
}, {
  "id" : 53,
  "name" : "bv_bank_properties",
  "description" : "",
  "descriptionType" : "TEXT",
  "searchDescription" : "",
  "synchDate" : "2025-01-13T18:38:31.859+00:00",
  "lastModificationVdpData" : "2025-01-13T17:12:44.000+00:00",
  "lastModificationIsstData" : null,
  "databaseId" : 3,
  "dbName" : null,
  "fieldsTagged" : null,
  "databaseName" : "denodo_hol_bank",
  "viewFields" : [ {
    "id" : 427,
    "name" : "address",
    "logicalName" : null,
    "description" : "Street address of the property",
    "lastModificationIsst" : null,
    "vdpOrder" : 2,
    "fieldProperties" : [ {
      "viewId" : null,
      "fieldName" : null,
      "propName" : "type",
      "propValue" : "text"
    } ]
  }, {
    "id" : 428,
    "name" : "city",
    "logicalName" : null,
    "description" : "City where the property is located",
    "lastModificationIsst" : null,
    "vdpOrder" : 3,
    "fieldProperties" : [ {
      "viewId" : null,
      "fieldName" : null,
      "propName" : "type",
      "propValue" : "text"
    } ]
  }, {
    "id" : 429,
    "name" : "property_id",
    "logicalName" : null,
    "description" : "Unique identifier of the property",
    "lastModificationIsst" : null,
    "vdpOrder" : 1,
    "fieldProperties" : [ {
      "viewId" : null,
      "fieldName" : null,
      "propName" : "type",
      "propValue" : "int"
    } ]
  }, {
    "id" : 430,
    "name" : "property_value",
    "logicalName" : null,
    "description" : "Assessed value of the property",
    "lastModificationIsst" : null,
    "vdpOrder" : 6,
    "fieldProperties" : [ {
      "viewId" : null,
      "fieldName" : null,
      "propName" : "type",
      "propValue" : "double"
    } ]
  }, {
    "id" : 431,
    "name" : "state",
    "logicalName" : null,
    "description" : "State where the property is located",
    "lastModificationIsst" : null,
    "vdpOrder" : 4,
    "fieldProperties" : [ {
      "viewId" : null,
      "fieldName" : null,
      "propName" : "type",
      "propValue" : "text"
    } ]
  }, {
    "id" : 432,
    "name" : "zip_code",
    "logicalName" : null,
    "description" : "Postal code of the property location",
    "lastModificationIsst" : null,
    "vdpOrder" : 5,
    "fieldProperties" : [ {
      "viewId" : null,
      "fieldName" : null,
      "propName" : "type",
      "propValue" : "text"
    } ]
  } ],
  "assignedToCategory" : false,
  "assignedToTag" : false
}, {
  "id" : 54,
  "name" : "bv_bank_rates",
  "description" : "",
  "descriptionType" : "TEXT",
  "searchDescription" : "",
  "synchDate" : "2025-01-13T18:38:31.859+00:00",
  "lastModificationVdpData" : "2025-01-13T17:12:36.000+00:00",
  "lastModificationIsstData" : null,
  "databaseId" : 3,
  "dbName" : null,
  "fieldsTagged" : null,
  "databaseName" : "denodo_hol_bank",
  "viewFields" : [ {
    "id" : 433,
    "name" : "interest_rate",
    "logicalName" : null,
    "description" : "Interest rate percentage for the loan type",
    "lastModificationIsst" : null,
    "vdpOrder" : 4,
    "fieldProperties" : [ {
      "viewId" : null,
      "fieldName" : null,
      "propName" : "type",
      "propValue" : "double"
    } ]
  }, {
    "id" : 434,
    "name" : "loan_type",
    "logicalName" : null,
    "description" : "Type of loan associated with the rate (e.g., mortgage, personal)",
    "lastModificationIsst" : null,
    "vdpOrder" : 2,
    "fieldProperties" : [ {
      "viewId" : null,
      "fieldName" : null,
      "propName" : "type",
      "propValue" : "text"
    } ]
  }, {
    "id" : 435,
    "name" : "rate_id",
    "logicalName" : null,
    "description" : "Unique identifier of the interest rate",
    "lastModificationIsst" : null,
    "vdpOrder" : 1,
    "fieldProperties" : [ {
      "viewId" : null,
      "fieldName" : null,
      "propName" : "type",
      "propValue" : "int"
    } ]
  }, {
    "id" : 436,
    "name" : "term",
    "logicalName" : null,
    "description" : "Loan term duration in months or years",
    "lastModificationIsst" : null,
    "vdpOrder" : 3,
    "fieldProperties" : [ {
      "viewId" : null,
      "fieldName" : null,
      "propName" : "type",
      "propValue" : "int"
    } ]
  } ],
  "assignedToCategory" : false,
  "assignedToTag" : false
}, {
  "id" : 55,
  "name" : "bv_bank_underwriting",
  "description" : "",
  "descriptionType" : "TEXT",
  "searchDescription" : "",
  "synchDate" : "2025-01-13T18:38:31.859+00:00",
  "lastModificationVdpData" : "2025-01-13T17:12:44.000+00:00",
  "lastModificationIsstData" : null,
  "databaseId" : 3,
  "dbName" : null,
  "fieldsTagged" : null,
  "databaseName" : "denodo_hol_bank",
  "viewFields" : [ {
    "id" : 437,
    "name" : "credit_score",
    "logicalName" : null,
    "description" : "Credit score of the customer during underwriting",
    "lastModificationIsst" : null,
    "vdpOrder" : 3,
    "fieldProperties" : [ {
      "viewId" : null,
      "fieldName" : null,
      "propName" : "type",
      "propValue" : "int"
    } ]
  }, {
    "id" : 438,
    "name" : "employment_history",
    "logicalName" : null,
    "description" : "Employment history of the customer during underwriting",
    "lastModificationIsst" : null,
    "vdpOrder" : 4,
    "fieldProperties" : [ {
      "viewId" : null,
      "fieldName" : null,
      "propName" : "type",
      "propValue" : "text"
    } ]
  }, {
    "id" : 439,
    "name" : "financial_history",
    "logicalName" : null,
    "description" : "Financial history of the customer during underwriting",
    "lastModificationIsst" : null,
    "vdpOrder" : 5,
    "fieldProperties" : [ {
      "viewId" : null,
      "fieldName" : null,
      "propName" : "type",
      "propValue" : "text"
    } ]
  }, {
    "id" : 440,
    "name" : "loan_id",
    "logicalName" : null,
    "description" : "Unique identifier of the associated loan",
    "lastModificationIsst" : null,
    "vdpOrder" : 2,
    "fieldProperties" : [ {
      "viewId" : null,
      "fieldName" : null,
      "propName" : "type",
      "propValue" : "int"
    } ]
  }, {
    "id" : 441,
    "name" : "underwriting_id",
    "logicalName" : null,
    "description" : "Unique identifier of the underwriting record",
    "lastModificationIsst" : null,
    "vdpOrder" : 1,
    "fieldProperties" : [ {
      "viewId" : null,
      "fieldName" : null,
      "propName" : "type",
      "propValue" : "int"
    } ]
  } ],
  "assignedToCategory" : false,
  "assignedToTag" : false
}, {
  "id" : 56,
  "name" : "sd_stock_holdings",
  "description" : "",
  "descriptionType" : "TEXT",
  "searchDescription" : "",
  "synchDate" : "2025-01-13T18:38:31.859+00:00",
  "lastModificationVdpData" : "2025-01-13T16:25:12.000+00:00",
  "lastModificationIsstData" : null,
  "databaseId" : 3,
  "dbName" : null,
  "fieldsTagged" : null,
  "databaseName" : "denodo_hol_bank",
  "viewFields" : [ {
    "id" : 442,
    "name" : "email",
    "logicalName" : null,
    "description" : "Email address of the customer",
    "lastModificationIsst" : null,
    "vdpOrder" : 1,
    "fieldProperties" : [ {
      "viewId" : null,
      "fieldName" : null,
      "propName" : "type",
      "propValue" : "text"
    } ]
  }, {
    "id" : 443,
    "name" : "stock_ticker",
    "logicalName" : null,
    "description" : "Ticker symbol of the stock held by the customer",
    "lastModificationIsst" : null,
    "vdpOrder" : 2,
    "fieldProperties" : [ {
      "viewId" : null,
      "fieldName" : null,
      "propName" : "type",
      "propValue" : "text"
    } ]
  }, {
    "id" : 444,
    "name" : "stocks_purchased",
    "logicalName" : null,
    "description" : "",
    "lastModificationIsst" : null,
    "vdpOrder" : 3,
    "fieldProperties" : [ {
      "viewId" : null,
      "fieldName" : null,
      "propName" : "type",
      "propValue" : "int"
    } ]
  } ],
  "assignedToCategory" : false,
  "assignedToTag" : false
}, {
  "id" : 57,
  "name" : "bv_s3_service_interactions",
  "description" : "",
  "descriptionType" : "TEXT",
  "searchDescription" : "",
  "synchDate" : "2025-01-13T18:38:31.859+00:00",
  "lastModificationVdpData" : "2025-01-13T17:14:14.000+00:00",
  "lastModificationIsstData" : null,
  "databaseId" : 7,
  "dbName" : null,
  "fieldsTagged" : null,
  "databaseName" : "denodo_hol_services",
  "viewFields" : [ {
    "id" : 445,
    "name" : "email",
    "logicalName" : null,
    "description" : "",
    "lastModificationIsst" : null,
    "vdpOrder" : 4,
    "fieldProperties" : [ {
      "viewId" : null,
      "fieldName" : null,
      "propName" : "type",
      "propValue" : "text"
    } ]
  }, {
    "id" : 446,
    "name" : "interaction_id",
    "logicalName" : null,
    "description" : "",
    "lastModificationIsst" : null,
    "vdpOrder" : 1,
    "fieldProperties" : [ {
      "viewId" : null,
      "fieldName" : null,
      "propName" : "type",
      "propValue" : "text"
    } ]
  }, {
    "id" : 447,
    "name" : "message_0",
    "logicalName" : null,
    "description" : "",
    "lastModificationIsst" : null,
    "vdpOrder" : 5,
    "fieldProperties" : [ {
      "viewId" : null,
      "fieldName" : null,
      "propName" : "type",
      "propValue" : "text"
    } ]
  }, {
    "id" : 448,
    "name" : "persona",
    "logicalName" : null,
    "description" : "",
    "lastModificationIsst" : null,
    "vdpOrder" : 3,
    "fieldProperties" : [ {
      "viewId" : null,
      "fieldName" : null,
      "propName" : "type",
      "propValue" : "text"
    } ]
  }, {
    "id" : 449,
    "name" : "timestamp",
    "logicalName" : null,
    "description" : "",
    "lastModificationIsst" : null,
    "vdpOrder" : 2,
    "fieldProperties" : [ {
      "viewId" : null,
      "fieldName" : null,
      "propName" : "type",
      "propValue" : "text"
    } ]
  } ],
  "assignedToCategory" : false,
  "assignedToTag" : false
}, {
  "id" : 58,
  "name" : "bv_service_interactions",
  "description" : "",
  "descriptionType" : "TEXT",
  "searchDescription" : "",
  "synchDate" : "2025-01-13T18:38:31.860+00:00",
  "lastModificationVdpData" : "2025-01-13T17:14:15.000+00:00",
  "lastModificationIsstData" : null,
  "databaseId" : 7,
  "dbName" : null,
  "fieldsTagged" : null,
  "databaseName" : "denodo_hol_services",
  "viewFields" : [ {
    "id" : 450,
    "name" : "email",
    "logicalName" : null,
    "description" : "",
    "lastModificationIsst" : null,
    "vdpOrder" : 4,
    "fieldProperties" : [ {
      "viewId" : null,
      "fieldName" : null,
      "propName" : "type",
      "propValue" : "text"
    } ]
  }, {
    "id" : 451,
    "name" : "interaction_id",
    "logicalName" : null,
    "description" : "",
    "lastModificationIsst" : null,
    "vdpOrder" : 1,
    "fieldProperties" : [ {
      "viewId" : null,
      "fieldName" : null,
      "propName" : "type",
      "propValue" : "text"
    } ]
  }, {
    "id" : 452,
    "name" : "message",
    "logicalName" : null,
    "description" : "",
    "lastModificationIsst" : null,
    "vdpOrder" : 5,
    "fieldProperties" : [ {
      "viewId" : null,
      "fieldName" : null,
      "propName" : "type",
      "propValue" : "text"
    } ]
  }, {
    "id" : 453,
    "name" : "persona",
    "logicalName" : null,
    "description" : "",
    "lastModificationIsst" : null,
    "vdpOrder" : 3,
    "fieldProperties" : [ {
      "viewId" : null,
      "fieldName" : null,
      "propName" : "type",
      "propValue" : "text"
    } ]
  }, {
    "id" : 454,
    "name" : "timestamp",
    "logicalName" : null,
    "description" : "",
    "lastModificationIsst" : null,
    "vdpOrder" : 2,
    "fieldProperties" : [ {
      "viewId" : null,
      "fieldName" : null,
      "propName" : "type",
      "propValue" : "text"
    } ]
  } ],
  "assignedToCategory" : false,
  "assignedToTag" : false
}, {
  "id" : 59,
  "name" : "iv_service_interactions",
  "description" : "",
  "descriptionType" : "TEXT",
  "searchDescription" : "",
  "synchDate" : "2025-01-13T18:38:31.860+00:00",
  "lastModificationVdpData" : "2025-01-13T17:15:32.000+00:00",
  "lastModificationIsstData" : null,
  "databaseId" : 7,
  "dbName" : null,
  "fieldsTagged" : null,
  "databaseName" : "denodo_hol_services",
  "viewFields" : [ {
    "id" : 455,
    "name" : "email",
    "logicalName" : null,
    "description" : "",
    "lastModificationIsst" : null,
    "vdpOrder" : 4,
    "fieldProperties" : [ {
      "viewId" : null,
      "fieldName" : null,
      "propName" : "type",
      "propValue" : "text"
    } ]
  }, {
    "id" : 456,
    "name" : "interaction_id",
    "logicalName" : null,
    "description" : "",
    "lastModificationIsst" : null,
    "vdpOrder" : 1,
    "fieldProperties" : [ {
      "viewId" : null,
      "fieldName" : null,
      "propName" : "type",
      "propValue" : "text"
    } ]
  }, {
    "id" : 457,
    "name" : "message",
    "logicalName" : null,
    "description" : "",
    "lastModificationIsst" : null,
    "vdpOrder" : 5,
    "fieldProperties" : [ {
      "viewId" : null,
      "fieldName" : null,
      "propName" : "type",
      "propValue" : "text"
    } ]
  }, {
    "id" : 458,
    "name" : "persona",
    "logicalName" : null,
    "description" : "",
    "lastModificationIsst" : null,
    "vdpOrder" : 3,
    "fieldProperties" : [ {
      "viewId" : null,
      "fieldName" : null,
      "propName" : "type",
      "propValue" : "text"
    } ]
  }, {
    "id" : 459,
    "name" : "timestamp",
    "logicalName" : null,
    "description" : "",
    "lastModificationIsst" : null,
    "vdpOrder" : 2,
    "fieldProperties" : [ {
      "viewId" : null,
      "fieldName" : null,
      "propName" : "type",
      "propValue" : "text"
    } ]
  } ],
  "assignedToCategory" : false,
  "assignedToTag" : false
}, {
  "id" : 60,
  "name" : "service_interactions",
  "description" : "",
  "descriptionType" : "TEXT",
  "searchDescription" : "",
  "synchDate" : "2025-01-13T18:38:31.860+00:00",
  "lastModificationVdpData" : "2025-01-13T17:15:33.000+00:00",
  "lastModificationIsstData" : null,
  "databaseId" : 7,
  "dbName" : null,
  "fieldsTagged" : null,
  "databaseName" : "denodo_hol_services",
  "viewFields" : [ {
    "id" : 460,
    "name" : "email",
    "logicalName" : null,
    "description" : "",
    "lastModificationIsst" : null,
    "vdpOrder" : 4,
    "fieldProperties" : [ {
      "viewId" : null,
      "fieldName" : null,
      "propName" : "type",
      "propValue" : "text"
    } ]
  }, {
    "id" : 461,
    "name" : "interaction_id",
    "logicalName" : null,
    "description" : "",
    "lastModificationIsst" : null,
    "vdpOrder" : 1,
    "fieldProperties" : [ {
      "viewId" : null,
      "fieldName" : null,
      "propName" : "type",
      "propValue" : "text"
    } ]
  }, {
    "id" : 462,
    "name" : "message",
    "logicalName" : null,
    "description" : "",
    "lastModificationIsst" : null,
    "vdpOrder" : 5,
    "fieldProperties" : [ {
      "viewId" : null,
      "fieldName" : null,
      "propName" : "type",
      "propValue" : "text"
    } ]
  }, {
    "id" : 463,
    "name" : "persona",
    "logicalName" : null,
    "description" : "",
    "lastModificationIsst" : null,
    "vdpOrder" : 3,
    "fieldProperties" : [ {
      "viewId" : null,
      "fieldName" : null,
      "propName" : "type",
      "propValue" : "text"
    } ]
  }, {
    "id" : 464,
    "name" : "timestamp",
    "logicalName" : null,
    "description" : "",
    "lastModificationIsst" : null,
    "vdpOrder" : 2,
    "fieldProperties" : [ {
      "viewId" : null,
      "fieldName" : null,
      "propName" : "type",
      "propValue" : "text"
    } ]
  } ],
  "assignedToCategory" : false,
  "assignedToTag" : false
} ]