[ {
  "databaseId" : 1,
  "serverId" : 1,
  "databaseName" : "admin",
  "databaseDescription" : "admin database",
  "searchDescription" : "admin database",
  "descriptionType" : "TEXT",
  "synchDate" : "2024-08-23T15:50:33.255+00:00",
  "lastModificationDate" : null
}, {
  "databaseId" : 2,
  "serverId" : 1,
  "databaseName" : "bank",
  "databaseDescription" : "",
  "searchDescription" : "",
  "descriptionType" : "TEXT",
  "synchDate" : "2024-08-23T15:50:33.272+00:00",
  "lastModificationDate" : null
}, {
  "databaseId" : 3,
  "serverId" : 1,
  "databaseName" : "denodo_hol_bank",
  "databaseDescription" : "",
  "searchDescription" : "",
  "descriptionType" : "TEXT",
  "synchDate" : "2024-08-23T15:50:33.275+00:00",
  "lastModificationDate" : null
}, {
  "databaseId" : 4,
  "serverId" : 1,
  "databaseName" : "services",
  "databaseDescription" : "",
  "searchDescription" : "",
  "descriptionType" : "TEXT",
  "synchDate" : "2024-08-23T15:50:33.276+00:00",
  "lastModificationDate" : null
}, {
  "databaseId" : 5,
  "serverId" : 1,
  "databaseName" : "unstructured",
  "databaseDescription" : "",
  "searchDescription" : "",
  "descriptionType" : "TEXT",
  "synchDate" : "2024-08-23T15:50:33.277+00:00",
  "lastModificationDate" : null
}, {
  "databaseId" : 6,
  "serverId" : 1,
  "databaseName" : "vector",
  "databaseDescription" : "",
  "searchDescription" : "",
  "descriptionType" : "TEXT",
  "synchDate" : "2024-08-23T15:50:33.278+00:00",
  "lastModificationDate" : null
} ]