[ {
  "id" : 1,
  "name" : "ping_query_view",
  "description" : "",
  "descriptionType" : "TEXT",
  "searchDescription" : "",
  "synchDate" : "2024-08-23T15:50:36.897+00:00",
  "lastModificationVdpData" : "2024-08-23T15:30:49.000+00:00",
  "lastModificationIsstData" : "2024-10-18T21:12:22.812+00:00",
  "databaseId" : 1,
  "dbName" : null,
  "fieldsTagged" : null,
  "databaseName" : "admin",
  "viewFields" : [ {
    "id" : 1,
    "name" : "field1",
    "logicalName" : null,
    "description" : "",
    "lastModificationIsst" : null,
    "vdpOrder" : 1,
    "fieldProperties" : [ {
      "viewId" : null,
      "fieldName" : null,
      "propName" : "type",
      "propValue" : "int"
    } ]
  } ],
  "assignedToCategory" : false,
  "assignedToTag" : false
}, {
  "id" : 2,
  "name" : "bv_customer_stock_holdings",
  "description" : "",
  "descriptionType" : "TEXT",
  "searchDescription" : "",
  "synchDate" : "2024-10-18T21:52:51.776+00:00",
  "lastModificationVdpData" : "2024-08-23T15:30:57.000+00:00",
  "lastModificationIsstData" : "2024-10-18T21:12:22.812+00:00",
  "databaseId" : 2,
  "dbName" : null,
  "fieldsTagged" : null,
  "databaseName" : "denodo_hol_bank",
  "viewFields" : [ {
    "id" : 2,
    "name" : "email",
    "logicalName" : "Email",
    "description" : "Email address of the customer",
    "lastModificationIsst" : null,
    "vdpOrder" : 1,
    "fieldProperties" : [ {
      "viewId" : null,
      "fieldName" : null,
      "propName" : "type",
      "propValue" : "text"
    } ]
  }, {
    "id" : 3,
    "name" : "stock_ticker",
    "logicalName" : "Ticker Symbol",
    "description" : "Ticker symbol of the stock held by the customer",
    "lastModificationIsst" : null,
    "vdpOrder" : 2,
    "fieldProperties" : [ {
      "viewId" : null,
      "fieldName" : null,
      "propName" : "type",
      "propValue" : "text"
    } ]
  }, {
    "id" : 4,
    "name" : "stocks_purchased",
    "logicalName" : "Ticker Quantity",
    "description" : "Quantity of stocks purchased by the customer",
    "lastModificationIsst" : null,
    "vdpOrder" : 3,
    "fieldProperties" : [ {
      "viewId" : null,
      "fieldName" : null,
      "propName" : "type",
      "propValue" : "text"
    } ]
  } ],
  "assignedToCategory" : false,
  "assignedToTag" : false
}, {
  "id" : 3,
  "name" : "bv_security_metrics",
  "description" : "",
  "descriptionType" : "TEXT",
  "searchDescription" : "",
  "synchDate" : "2024-10-18T21:52:51.818+00:00",
  "lastModificationVdpData" : "2024-08-23T15:30:57.000+00:00",
  "lastModificationIsstData" : "2024-10-18T21:12:22.812+00:00",
  "databaseId" : 2,
  "dbName" : null,
  "fieldsTagged" : null,
  "databaseName" : "denodo_hol_bank",
  "viewFields" : [ {
    "id" : 5,
    "name" : "cancels",
    "logicalName" : "Cancelled Trades",
    "description" : "Number of canceled trades for the security",
    "lastModificationIsst" : null,
    "vdpOrder" : 14,
    "fieldProperties" : [ {
      "viewId" : null,
      "fieldName" : null,
      "propName" : "type",
      "propValue" : "text"
    } ]
  }, {
    "id" : 6,
    "name" : "date",
    "logicalName" : "Metric Date",
    "description" : "Date of the security metric record",
    "lastModificationIsst" : null,
    "vdpOrder" : 1,
    "fieldProperties" : [ {
      "viewId" : null,
      "fieldName" : null,
      "propName" : "type",
      "propValue" : "text"
    } ]
  }, {
    "id" : 7,
    "name" : "hidden",
    "logicalName" : "Hidden Volume",
    "description" : "Hidden volume of the security",
    "lastModificationIsst" : null,
    "vdpOrder" : 10,
    "fieldProperties" : [ {
      "viewId" : null,
      "fieldName" : null,
      "propName" : "type",
      "propValue" : "text"
    } ]
  }, {
    "id" : 8,
    "name" : "hiddenvol000_0",
    "logicalName" : "Hidden Volume (Thousands)",
    "description" : "Hidden volume of the security in thousands",
    "lastModificationIsst" : null,
    "vdpOrder" : 12,
    "fieldProperties" : [ {
      "viewId" : null,
      "fieldName" : null,
      "propName" : "type",
      "propValue" : "text"
    } ]
  }, {
    "id" : 9,
    "name" : "littrades",
    "logicalName" : "Lit Trades",
    "description" : "Number of lit trades for the security",
    "lastModificationIsst" : null,
    "vdpOrder" : 15,
    "fieldProperties" : [ {
      "viewId" : null,
      "fieldName" : null,
      "propName" : "type",
      "propValue" : "text"
    } ]
  }, {
    "id" : 10,
    "name" : "litvol000_0",
    "logicalName" : "Lit Volume (Thousands)",
    "description" : "Lit volume of the security in thousands",
    "lastModificationIsst" : null,
    "vdpOrder" : 8,
    "fieldProperties" : [ {
      "viewId" : null,
      "fieldName" : null,
      "propName" : "type",
      "propValue" : "text"
    } ]
  }, {
    "id" : 11,
    "name" : "mcaprank",
    "logicalName" : "Market Capitalization Rank",
    "description" : "Market capitalization rank of the security",
    "lastModificationIsst" : null,
    "vdpOrder" : 4,
    "fieldProperties" : [ {
      "viewId" : null,
      "fieldName" : null,
      "propName" : "type",
      "propValue" : "text"
    } ]
  }, {
    "id" : 12,
    "name" : "oddlots",
    "logicalName" : "Odd Lots Trades",
    "description" : "Number of odd lot trades for the security",
    "lastModificationIsst" : null,
    "vdpOrder" : 16,
    "fieldProperties" : [ {
      "viewId" : null,
      "fieldName" : null,
      "propName" : "type",
      "propValue" : "text"
    } ]
  }, {
    "id" : 13,
    "name" : "oddlotvol000_0",
    "logicalName" : "Odd Lot Volume (Thousands)",
    "description" : "Odd lot volume of the security in thousands",
    "lastModificationIsst" : null,
    "vdpOrder" : 18,
    "fieldProperties" : [ {
      "viewId" : null,
      "fieldName" : null,
      "propName" : "type",
      "propValue" : "text"
    } ]
  }, {
    "id" : 14,
    "name" : "ordervol000_0",
    "logicalName" : "Order Volume (Thousands)",
    "description" : "Order volume of the security in thousands",
    "lastModificationIsst" : null,
    "vdpOrder" : 9,
    "fieldProperties" : [ {
      "viewId" : null,
      "fieldName" : null,
      "propName" : "type",
      "propValue" : "text"
    } ]
  }, {
    "id" : 15,
    "name" : "pricerank",
    "logicalName" : "Price Rank",
    "description" : "Price rank of the security",
    "lastModificationIsst" : null,
    "vdpOrder" : 7,
    "fieldProperties" : [ {
      "viewId" : null,
      "fieldName" : null,
      "propName" : "type",
      "propValue" : "text"
    } ]
  }, {
    "id" : 16,
    "name" : "security",
    "logicalName" : "Security",
    "description" : "Name or type of the security being evaluated",
    "lastModificationIsst" : null,
    "vdpOrder" : 2,
    "fieldProperties" : [ {
      "viewId" : null,
      "fieldName" : null,
      "propName" : "type",
      "propValue" : "text"
    } ]
  }, {
    "id" : 17,
    "name" : "ticker",
    "logicalName" : "Ticker Symbol",
    "description" : "Ticker symbol of the security",
    "lastModificationIsst" : null,
    "vdpOrder" : 3,
    "fieldProperties" : [ {
      "viewId" : null,
      "fieldName" : null,
      "propName" : "type",
      "propValue" : "text"
    } ]
  }, {
    "id" : 18,
    "name" : "tradesforhidden",
    "logicalName" : "Trades for Hidden Volume",
    "description" : "Number of trades for hidden volume",
    "lastModificationIsst" : null,
    "vdpOrder" : 11,
    "fieldProperties" : [ {
      "viewId" : null,
      "fieldName" : null,
      "propName" : "type",
      "propValue" : "text"
    } ]
  }, {
    "id" : 19,
    "name" : "tradesforoddlots",
    "logicalName" : "Traded Odd Lots",
    "description" : "Number of trades for odd lots",
    "lastModificationIsst" : null,
    "vdpOrder" : 17,
    "fieldProperties" : [ {
      "viewId" : null,
      "fieldName" : null,
      "propName" : "type",
      "propValue" : "text"
    } ]
  }, {
    "id" : 20,
    "name" : "tradevolforhidden000_0",
    "logicalName" : "Trades for Hidden Volume (Thousands)",
    "description" : "Trade volume for hidden in thousands",
    "lastModificationIsst" : null,
    "vdpOrder" : 13,
    "fieldProperties" : [ {
      "viewId" : null,
      "fieldName" : null,
      "propName" : "type",
      "propValue" : "text"
    } ]
  }, {
    "id" : 21,
    "name" : "tradevolforoddlots000_0",
    "logicalName" : "Trades for Odd Lots (Thousands)",
    "description" : "Trade volume for odd lots in thousands",
    "lastModificationIsst" : null,
    "vdpOrder" : 19,
    "fieldProperties" : [ {
      "viewId" : null,
      "fieldName" : null,
      "propName" : "type",
      "propValue" : "text"
    } ]
  }, {
    "id" : 22,
    "name" : "turnrank",
    "logicalName" : "Turnover Rank",
    "description" : "Turnover rank of the security",
    "lastModificationIsst" : null,
    "vdpOrder" : 5,
    "fieldProperties" : [ {
      "viewId" : null,
      "fieldName" : null,
      "propName" : "type",
      "propValue" : "text"
    } ]
  }, {
    "id" : 23,
    "name" : "volatilityrank",
    "logicalName" : "Volatility Rank",
    "description" : "Volatility rank of the security",
    "lastModificationIsst" : null,
    "vdpOrder" : 6,
    "fieldProperties" : [ {
      "viewId" : null,
      "fieldName" : null,
      "propName" : "type",
      "propValue" : "text"
    } ]
  } ],
  "assignedToCategory" : false,
  "assignedToTag" : false
}, {
  "id" : 4,
  "name" : "bv_ticker_api",
  "description" : "",
  "descriptionType" : "TEXT",
  "searchDescription" : "",
  "synchDate" : "2025-01-13T18:38:32.085+00:00",
  "lastModificationVdpData" : "2024-08-23T15:30:57.000+00:00",
  "lastModificationIsstData" : "2024-10-18T21:12:22.813+00:00",
  "databaseId" : 2,
  "dbName" : null,
  "fieldsTagged" : null,
  "databaseName" : "denodo_hol_bank",
  "viewFields" : [ {
    "id" : 24,
    "name" : "close",
    "logicalName" : "Closing Price",
    "description" : "Closing price of the stock on the specified date",
    "lastModificationIsst" : null,
    "vdpOrder" : 4,
    "fieldProperties" : [ {
      "viewId" : null,
      "fieldName" : null,
      "propName" : "type",
      "propValue" : "text"
    } ]
  }, {
    "id" : 25,
    "name" : "date",
    "logicalName" : "Stock Record Date",
    "description" : "Date of the stock record",
    "lastModificationIsst" : null,
    "vdpOrder" : 3,
    "fieldProperties" : [ {
      "viewId" : null,
      "fieldName" : null,
      "propName" : "type",
      "propValue" : "text"
    } ]
  }, {
    "id" : 26,
    "name" : "high",
    "logicalName" : "Highest Price",
    "description" : "Highest price of the stock on the specified date",
    "lastModificationIsst" : null,
    "vdpOrder" : 7,
    "fieldProperties" : [ {
      "viewId" : null,
      "fieldName" : null,
      "propName" : "type",
      "propValue" : "text"
    } ]
  }, {
    "id" : 27,
    "name" : "low",
    "logicalName" : "Lowest Price",
    "description" : "Lowest price of the stock on the specified date",
    "lastModificationIsst" : null,
    "vdpOrder" : 8,
    "fieldProperties" : [ {
      "viewId" : null,
      "fieldName" : null,
      "propName" : "type",
      "propValue" : "text"
    } ]
  }, {
    "id" : 28,
    "name" : "open",
    "logicalName" : "Opening Price",
    "description" : "Opening price of the stock on the specified date",
    "lastModificationIsst" : null,
    "vdpOrder" : 6,
    "fieldProperties" : [ {
      "viewId" : null,
      "fieldName" : null,
      "propName" : "type",
      "propValue" : "text"
    } ]
  }, {
    "id" : 29,
    "name" : "ticker",
    "logicalName" : "Ticker Symbol",
    "description" : "Ticker symbol of the stock",
    "lastModificationIsst" : null,
    "vdpOrder" : 2,
    "fieldProperties" : [ {
      "viewId" : null,
      "fieldName" : null,
      "propName" : "type",
      "propValue" : "text"
    } ]
  }, {
    "id" : 30,
    "name" : "volume",
    "logicalName" : "Trading Volume",
    "description" : "Trading volume of the stock",
    "lastModificationIsst" : null,
    "vdpOrder" : 5,
    "fieldProperties" : [ {
      "viewId" : null,
      "fieldName" : null,
      "propName" : "type",
      "propValue" : "text"
    } ]
  } ],
  "assignedToCategory" : false,
  "assignedToTag" : false
}, {
  "id" : 5,
  "name" : "customer_assets",
  "description" : "",
  "descriptionType" : "TEXT",
  "searchDescription" : "",
  "synchDate" : "2024-08-23T15:50:36.898+00:00",
  "lastModificationVdpData" : "2024-08-23T15:30:59.000+00:00",
  "lastModificationIsstData" : "2024-10-18T21:12:22.813+00:00",
  "databaseId" : 2,
  "dbName" : null,
  "fieldsTagged" : null,
  "databaseName" : "denodo_hol_bank",
  "viewFields" : [ {
    "id" : 31,
    "name" : "address",
    "logicalName" : "Address",
    "description" : "Customer's address.",
    "lastModificationIsst" : "2024-09-04T22:01:51.786+00:00",
    "vdpOrder" : 6,
    "fieldProperties" : [ {
      "viewId" : null,
      "fieldName" : null,
      "propName" : "type",
      "propValue" : "text"
    } ]
  }, {
    "id" : 32,
    "name" : "city",
    "logicalName" : "City",
    "description" : "City of the customer.",
    "lastModificationIsst" : "2024-09-04T22:01:43.249+00:00",
    "vdpOrder" : 7,
    "fieldProperties" : [ {
      "viewId" : null,
      "fieldName" : null,
      "propName" : "type",
      "propValue" : "text"
    } ]
  }, {
    "id" : 33,
    "name" : "customer_id",
    "logicalName" : "Customer ID",
    "description" : "ID of the customer.",
    "lastModificationIsst" : "2024-09-04T22:02:42.793+00:00",
    "vdpOrder" : 1,
    "fieldProperties" : [ {
      "viewId" : null,
      "fieldName" : null,
      "propName" : "type",
      "propValue" : "int"
    } ]
  }, {
    "id" : 34,
    "name" : "customer_stock_ticker",
    "logicalName" : "Ticker Name",
    "description" : "Name of the security owned by the customer.",
    "lastModificationIsst" : "2024-09-04T22:01:07.784+00:00",
    "vdpOrder" : 10,
    "fieldProperties" : [ {
      "viewId" : null,
      "fieldName" : null,
      "propName" : "type",
      "propValue" : "text"
    } ]
  }, {
    "id" : 35,
    "name" : "customer_stocks_purchased",
    "logicalName" : "Amount Purchased",
    "description" : "Number of securities owned by customer.",
    "lastModificationIsst" : "2024-09-04T22:00:53.387+00:00",
    "vdpOrder" : 11,
    "fieldProperties" : [ {
      "viewId" : null,
      "fieldName" : null,
      "propName" : "type",
      "propValue" : "int"
    } ]
  }, {
    "id" : 36,
    "name" : "email",
    "logicalName" : "Email",
    "description" : "Customer's email.",
    "lastModificationIsst" : "2024-09-04T22:02:07.448+00:00",
    "vdpOrder" : 4,
    "fieldProperties" : [ {
      "viewId" : null,
      "fieldName" : null,
      "propName" : "type",
      "propValue" : "text"
    } ]
  }, {
    "id" : 37,
    "name" : "first_name",
    "logicalName" : "First Name",
    "description" : "Customer first name, including middle name when available.",
    "lastModificationIsst" : "2024-09-04T22:02:27.097+00:00",
    "vdpOrder" : 2,
    "fieldProperties" : [ {
      "viewId" : null,
      "fieldName" : null,
      "propName" : "type",
      "propValue" : "text"
    } ]
  }, {
    "id" : 38,
    "name" : "last_name",
    "logicalName" : "Last Name",
    "description" : "Customer last name(s).",
    "lastModificationIsst" : "2024-09-04T22:02:33.106+00:00",
    "vdpOrder" : 3,
    "fieldProperties" : [ {
      "viewId" : null,
      "fieldName" : null,
      "propName" : "type",
      "propValue" : "text"
    } ]
  }, {
    "id" : 39,
    "name" : "phone_number",
    "logicalName" : "Phone Number",
    "description" : "Customer's phone number.",
    "lastModificationIsst" : "2024-09-04T22:02:00.124+00:00",
    "vdpOrder" : 5,
    "fieldProperties" : [ {
      "viewId" : null,
      "fieldName" : null,
      "propName" : "type",
      "propValue" : "text"
    } ]
  }, {
    "id" : 40,
    "name" : "state",
    "logicalName" : "State",
    "description" : "State (location) of the customer.",
    "lastModificationIsst" : "2024-09-04T22:01:33.883+00:00",
    "vdpOrder" : 8,
    "fieldProperties" : [ {
      "viewId" : null,
      "fieldName" : null,
      "propName" : "type",
      "propValue" : "text"
    } ]
  }, {
    "id" : 41,
    "name" : "ticker_close",
    "logicalName" : "Security Closing Value",
    "description" : "Value of security at market close.",
    "lastModificationIsst" : "2024-09-04T21:59:12.584+00:00",
    "vdpOrder" : 13,
    "fieldProperties" : [ {
      "viewId" : null,
      "fieldName" : null,
      "propName" : "type",
      "propValue" : "float"
    } ]
  }, {
    "id" : 42,
    "name" : "ticker_date",
    "logicalName" : "Security Date",
    "description" : "Date associated with security data.",
    "lastModificationIsst" : "2024-09-04T22:00:37.236+00:00",
    "vdpOrder" : 12,
    "fieldProperties" : [ {
      "viewId" : null,
      "fieldName" : null,
      "propName" : "type",
      "propValue" : "localdate"
    } ]
  }, {
    "id" : 43,
    "name" : "ticker_high",
    "logicalName" : "Security Value Maximum",
    "description" : "Highest value achieved by security on given date.",
    "lastModificationIsst" : "2024-09-04T21:58:32.866+00:00",
    "vdpOrder" : 16,
    "fieldProperties" : [ {
      "viewId" : null,
      "fieldName" : null,
      "propName" : "type",
      "propValue" : "float"
    } ]
  }, {
    "id" : 44,
    "name" : "ticker_low",
    "logicalName" : "Security Value Minimum",
    "description" : "Minimum value achieved by the security on the given date.",
    "lastModificationIsst" : "2024-09-04T21:58:41.805+00:00",
    "vdpOrder" : 17,
    "fieldProperties" : [ {
      "viewId" : null,
      "fieldName" : null,
      "propName" : "type",
      "propValue" : "float"
    } ]
  }, {
    "id" : 45,
    "name" : "ticker_open",
    "logicalName" : "Security Opening Value",
    "description" : "Value of security at market open.",
    "lastModificationIsst" : "2024-09-04T21:58:54.860+00:00",
    "vdpOrder" : 15,
    "fieldProperties" : [ {
      "viewId" : null,
      "fieldName" : null,
      "propName" : "type",
      "propValue" : "float"
    } ]
  }, {
    "id" : 46,
    "name" : "ticker_volume",
    "logicalName" : "Security Volume",
    "description" : "Volume of security traded on given date.",
    "lastModificationIsst" : "2024-09-04T21:59:55.721+00:00",
    "vdpOrder" : 14,
    "fieldProperties" : [ {
      "viewId" : null,
      "fieldName" : null,
      "propName" : "type",
      "propValue" : "long"
    } ]
  }, {
    "id" : 47,
    "name" : "zip_code",
    "logicalName" : "ZIP Code",
    "description" : "Customer's ZIP Code.",
    "lastModificationIsst" : "2024-09-04T22:01:17.341+00:00",
    "vdpOrder" : 9,
    "fieldProperties" : [ {
      "viewId" : null,
      "fieldName" : null,
      "propName" : "type",
      "propValue" : "text"
    } ]
  } ],
  "assignedToCategory" : false,
  "assignedToTag" : false
}, {
  "id" : 6,
  "name" : "customer_sec_risks_unified",
  "description" : "Customer Security Holdings with Risk Assessment",
  "descriptionType" : "TEXT",
  "searchDescription" : "Customer Security Holdings with Risk Assessment",
  "synchDate" : "2024-08-23T15:50:36.898+00:00",
  "lastModificationVdpData" : "2024-08-23T15:30:59.000+00:00",
  "lastModificationIsstData" : "2025-01-13T18:45:05.160+00:00",
  "databaseId" : 2,
  "dbName" : null,
  "fieldsTagged" : null,
  "databaseName" : "denodo_hol_bank",
  "viewFields" : [ {
    "id" : 48,
    "name" : "address",
    "logicalName" : "Address",
    "description" : "Customer's address.",
    "lastModificationIsst" : "2024-09-04T22:57:42.710+00:00",
    "vdpOrder" : 6,
    "fieldProperties" : [ {
      "viewId" : null,
      "fieldName" : null,
      "propName" : "type",
      "propValue" : "text"
    } ]
  }, {
    "id" : 49,
    "name" : "city",
    "logicalName" : "City",
    "description" : "City of the customer.",
    "lastModificationIsst" : "2024-09-04T22:57:48.884+00:00",
    "vdpOrder" : 7,
    "fieldProperties" : [ {
      "viewId" : null,
      "fieldName" : null,
      "propName" : "type",
      "propValue" : "text"
    } ]
  }, {
    "id" : 50,
    "name" : "customer_assets_value",
    "logicalName" : "Total Assets Value",
    "description" : "Value of customer's currently owned assets on the given date. Calculated based on the equation (ticker_close * customer_stocks_purchased)",
    "lastModificationIsst" : "2024-09-04T22:07:18.952+00:00",
    "vdpOrder" : 12,
    "fieldProperties" : [ {
      "viewId" : null,
      "fieldName" : null,
      "propName" : "type",
      "propValue" : "float"
    } ]
  }, {
    "id" : 51,
    "name" : "customer_id",
    "logicalName" : "Customer ID",
    "description" : "ID of the customer.",
    "lastModificationIsst" : "2024-09-04T22:53:58.507+00:00",
    "vdpOrder" : 1,
    "fieldProperties" : [ {
      "viewId" : null,
      "fieldName" : null,
      "propName" : "type",
      "propValue" : "int"
    } ]
  }, {
    "id" : 52,
    "name" : "customer_stock_ticker",
    "logicalName" : "Security Name",
    "description" : "Name of the security associated to the data.",
    "lastModificationIsst" : "2024-09-04T22:08:22.641+00:00",
    "vdpOrder" : 10,
    "fieldProperties" : [ {
      "viewId" : null,
      "fieldName" : null,
      "propName" : "type",
      "propValue" : "text"
    } ]
  }, {
    "id" : 53,
    "name" : "customer_stocks_purchased",
    "logicalName" : "Securities Owned",
    "description" : "The number of the given security owned by the customer.",
    "lastModificationIsst" : "2024-09-04T22:06:44.228+00:00",
    "vdpOrder" : 11,
    "fieldProperties" : [ {
      "viewId" : null,
      "fieldName" : null,
      "propName" : "type",
      "propValue" : "int"
    } ]
  }, {
    "id" : 54,
    "name" : "email",
    "logicalName" : "Email",
    "description" : "Customer's email.",
    "lastModificationIsst" : "2024-09-04T22:54:46.194+00:00",
    "vdpOrder" : 4,
    "fieldProperties" : [ {
      "viewId" : null,
      "fieldName" : null,
      "propName" : "type",
      "propValue" : "text"
    } ]
  }, {
    "id" : 55,
    "name" : "first_name",
    "logicalName" : "First Name",
    "description" : "First name of the customer. May include a middle name if available.",
    "lastModificationIsst" : "2024-09-04T22:54:26.211+00:00",
    "vdpOrder" : 2,
    "fieldProperties" : [ {
      "viewId" : null,
      "fieldName" : null,
      "propName" : "type",
      "propValue" : "text"
    } ]
  }, {
    "id" : 56,
    "name" : "last_name",
    "logicalName" : "Last Name",
    "description" : "Last Name(s) of the customer.",
    "lastModificationIsst" : "2024-09-04T22:54:35.181+00:00",
    "vdpOrder" : 3,
    "fieldProperties" : [ {
      "viewId" : null,
      "fieldName" : null,
      "propName" : "type",
      "propValue" : "text"
    } ]
  }, {
    "id" : 57,
    "name" : "phone_number",
    "logicalName" : "Phone Number",
    "description" : "Customer's phone number.",
    "lastModificationIsst" : "2024-09-04T22:55:00.202+00:00",
    "vdpOrder" : 5,
    "fieldProperties" : [ {
      "viewId" : null,
      "fieldName" : null,
      "propName" : "type",
      "propValue" : "text"
    } ]
  }, {
    "id" : 58,
    "name" : "state",
    "logicalName" : "State",
    "description" : "State (location) of the customer.",
    "lastModificationIsst" : "2024-09-04T22:57:57.783+00:00",
    "vdpOrder" : 8,
    "fieldProperties" : [ {
      "viewId" : null,
      "fieldName" : null,
      "propName" : "type",
      "propValue" : "text"
    } ]
  }, {
    "id" : 59,
    "name" : "ticker_close",
    "logicalName" : "Security Closing Value",
    "description" : "Closing price for the security on the given date.",
    "lastModificationIsst" : "2024-09-04T22:55:40.504+00:00",
    "vdpOrder" : 14,
    "fieldProperties" : [ {
      "viewId" : null,
      "fieldName" : null,
      "propName" : "type",
      "propValue" : "float"
    } ]
  }, {
    "id" : 60,
    "name" : "ticker_date",
    "logicalName" : "Security Date",
    "description" : "Date of recording for associated security data.",
    "lastModificationIsst" : "2024-09-04T22:55:26.857+00:00",
    "vdpOrder" : 13,
    "fieldProperties" : [ {
      "viewId" : null,
      "fieldName" : null,
      "propName" : "type",
      "propValue" : "localdate"
    } ]
  }, {
    "id" : 61,
    "name" : "ticker_mcaprank",
    "logicalName" : "Security Market Cap Rank",
    "description" : "Market Cap rank of the security on the given date.",
    "lastModificationIsst" : "2024-09-04T22:56:21.836+00:00",
    "vdpOrder" : 16,
    "fieldProperties" : [ {
      "viewId" : null,
      "fieldName" : null,
      "propName" : "type",
      "propValue" : "float"
    } ]
  }, {
    "id" : 62,
    "name" : "ticker_price_rank",
    "logicalName" : "Security Price Rank",
    "description" : "Security price rank on the given date.",
    "lastModificationIsst" : "2024-09-04T22:57:19.602+00:00",
    "vdpOrder" : 19,
    "fieldProperties" : [ {
      "viewId" : null,
      "fieldName" : null,
      "propName" : "type",
      "propValue" : "float"
    } ]
  }, {
    "id" : 63,
    "name" : "ticker_turnrank",
    "logicalName" : "Security Turn Rank",
    "description" : "Turn rank for security on the given date.",
    "lastModificationIsst" : "2024-09-04T22:57:07.301+00:00",
    "vdpOrder" : 17,
    "fieldProperties" : [ {
      "viewId" : null,
      "fieldName" : null,
      "propName" : "type",
      "propValue" : "float"
    } ]
  }, {
    "id" : 64,
    "name" : "ticker_volatility_rank",
    "logicalName" : "Security Volatility Rank",
    "description" : "Security volatility rank on the given date.",
    "lastModificationIsst" : "2024-09-04T22:57:34.373+00:00",
    "vdpOrder" : 18,
    "fieldProperties" : [ {
      "viewId" : null,
      "fieldName" : null,
      "propName" : "type",
      "propValue" : "float"
    } ]
  }, {
    "id" : 65,
    "name" : "ticker_volume",
    "logicalName" : "Security Volume",
    "description" : "Traded volume of the security for the given date.",
    "lastModificationIsst" : "2024-09-04T22:56:08.623+00:00",
    "vdpOrder" : 15,
    "fieldProperties" : [ {
      "viewId" : null,
      "fieldName" : null,
      "propName" : "type",
      "propValue" : "long"
    } ]
  }, {
    "id" : 66,
    "name" : "zip_code",
    "logicalName" : "Zip Code",
    "description" : "Customer's ZIP Code.",
    "lastModificationIsst" : "2024-09-04T22:58:05.769+00:00",
    "vdpOrder" : 9,
    "fieldProperties" : [ {
      "viewId" : null,
      "fieldName" : null,
      "propName" : "type",
      "propValue" : "text"
    } ]
  } ],
  "assignedToCategory" : false,
  "assignedToTag" : false
}, {
  "id" : 7,
  "name" : "iv_customer_assets",
  "description" : "",
  "descriptionType" : "TEXT",
  "searchDescription" : "",
  "synchDate" : "2024-10-18T21:52:51.833+00:00",
  "lastModificationVdpData" : "2024-08-23T15:30:59.000+00:00",
  "lastModificationIsstData" : "2024-10-18T21:12:22.813+00:00",
  "databaseId" : 2,
  "dbName" : null,
  "fieldsTagged" : null,
  "databaseName" : "denodo_hol_bank",
  "viewFields" : [ {
    "id" : 67,
    "name" : "address",
    "logicalName" : null,
    "description" : "Street address of the customer",
    "lastModificationIsst" : null,
    "vdpOrder" : 6,
    "fieldProperties" : [ {
      "viewId" : null,
      "fieldName" : null,
      "propName" : "type",
      "propValue" : "text"
    } ]
  }, {
    "id" : 68,
    "name" : "city",
    "logicalName" : null,
    "description" : "City where the customer resides",
    "lastModificationIsst" : null,
    "vdpOrder" : 7,
    "fieldProperties" : [ {
      "viewId" : null,
      "fieldName" : null,
      "propName" : "type",
      "propValue" : "text"
    } ]
  }, {
    "id" : 69,
    "name" : "customer_id",
    "logicalName" : null,
    "description" : "Unique identifier of the customer",
    "lastModificationIsst" : null,
    "vdpOrder" : 1,
    "fieldProperties" : [ {
      "viewId" : null,
      "fieldName" : null,
      "propName" : "type",
      "propValue" : "int"
    } ]
  }, {
    "id" : 70,
    "name" : "customer_stock_ticker",
    "logicalName" : null,
    "description" : "Ticker symbol of the stock held by the customer",
    "lastModificationIsst" : null,
    "vdpOrder" : 10,
    "fieldProperties" : [ {
      "viewId" : null,
      "fieldName" : null,
      "propName" : "type",
      "propValue" : "text"
    } ]
  }, {
    "id" : 71,
    "name" : "customer_stocks_purchased",
    "logicalName" : null,
    "description" : "Quantity of stocks purchased by the customer (converted to integer)",
    "lastModificationIsst" : null,
    "vdpOrder" : 11,
    "fieldProperties" : [ {
      "viewId" : null,
      "fieldName" : null,
      "propName" : "type",
      "propValue" : "int"
    } ]
  }, {
    "id" : 72,
    "name" : "email",
    "logicalName" : null,
    "description" : "Email address of the customer",
    "lastModificationIsst" : null,
    "vdpOrder" : 4,
    "fieldProperties" : [ {
      "viewId" : null,
      "fieldName" : null,
      "propName" : "type",
      "propValue" : "text"
    } ]
  }, {
    "id" : 73,
    "name" : "first_name",
    "logicalName" : null,
    "description" : "First name of the customer",
    "lastModificationIsst" : null,
    "vdpOrder" : 2,
    "fieldProperties" : [ {
      "viewId" : null,
      "fieldName" : null,
      "propName" : "type",
      "propValue" : "text"
    } ]
  }, {
    "id" : 74,
    "name" : "last_name",
    "logicalName" : null,
    "description" : "Last name of the customer",
    "lastModificationIsst" : null,
    "vdpOrder" : 3,
    "fieldProperties" : [ {
      "viewId" : null,
      "fieldName" : null,
      "propName" : "type",
      "propValue" : "text"
    } ]
  }, {
    "id" : 75,
    "name" : "phone_number",
    "logicalName" : null,
    "description" : "Phone number of the customer",
    "lastModificationIsst" : null,
    "vdpOrder" : 5,
    "fieldProperties" : [ {
      "viewId" : null,
      "fieldName" : null,
      "propName" : "type",
      "propValue" : "text"
    } ]
  }, {
    "id" : 76,
    "name" : "state",
    "logicalName" : null,
    "description" : "State where the customer resides",
    "lastModificationIsst" : null,
    "vdpOrder" : 8,
    "fieldProperties" : [ {
      "viewId" : null,
      "fieldName" : null,
      "propName" : "type",
      "propValue" : "text"
    } ]
  }, {
    "id" : 77,
    "name" : "ticker_close",
    "logicalName" : null,
    "description" : "Closing price of the stock on the specified date (converted to float)",
    "lastModificationIsst" : null,
    "vdpOrder" : 13,
    "fieldProperties" : [ {
      "viewId" : null,
      "fieldName" : null,
      "propName" : "type",
      "propValue" : "float"
    } ]
  }, {
    "id" : 78,
    "name" : "ticker_date",
    "logicalName" : null,
    "description" : "Date of the stock record (converted to localdate)",
    "lastModificationIsst" : null,
    "vdpOrder" : 12,
    "fieldProperties" : [ {
      "viewId" : null,
      "fieldName" : null,
      "propName" : "type",
      "propValue" : "localdate"
    } ]
  }, {
    "id" : 79,
    "name" : "ticker_high",
    "logicalName" : null,
    "description" : "Highest price of the stock on the specified date (converted to float)",
    "lastModificationIsst" : null,
    "vdpOrder" : 16,
    "fieldProperties" : [ {
      "viewId" : null,
      "fieldName" : null,
      "propName" : "type",
      "propValue" : "float"
    } ]
  }, {
    "id" : 80,
    "name" : "ticker_low",
    "logicalName" : null,
    "description" : "Lowest price of the stock on the specified date (converted to float)",
    "lastModificationIsst" : null,
    "vdpOrder" : 17,
    "fieldProperties" : [ {
      "viewId" : null,
      "fieldName" : null,
      "propName" : "type",
      "propValue" : "float"
    } ]
  }, {
    "id" : 81,
    "name" : "ticker_open",
    "logicalName" : null,
    "description" : "Opening price of the stock on the specified date (converted to float)",
    "lastModificationIsst" : null,
    "vdpOrder" : 15,
    "fieldProperties" : [ {
      "viewId" : null,
      "fieldName" : null,
      "propName" : "type",
      "propValue" : "float"
    } ]
  }, {
    "id" : 82,
    "name" : "ticker_volume",
    "logicalName" : null,
    "description" : "Trading volume of the stock (converted to long)",
    "lastModificationIsst" : null,
    "vdpOrder" : 14,
    "fieldProperties" : [ {
      "viewId" : null,
      "fieldName" : null,
      "propName" : "type",
      "propValue" : "long"
    } ]
  }, {
    "id" : 83,
    "name" : "zip_code",
    "logicalName" : null,
    "description" : "Postal code of the customer's address",
    "lastModificationIsst" : null,
    "vdpOrder" : 9,
    "fieldProperties" : [ {
      "viewId" : null,
      "fieldName" : null,
      "propName" : "type",
      "propValue" : "text"
    } ]
  } ],
  "assignedToCategory" : false,
  "assignedToTag" : false
}, {
  "id" : 8,
  "name" : "iv_customer_sec_risks_unified",
  "description" : "",
  "descriptionType" : "TEXT",
  "searchDescription" : "",
  "synchDate" : "2024-10-18T21:52:51.854+00:00",
  "lastModificationVdpData" : "2024-08-23T15:30:59.000+00:00",
  "lastModificationIsstData" : "2024-10-18T21:12:22.813+00:00",
  "databaseId" : 2,
  "dbName" : null,
  "fieldsTagged" : null,
  "databaseName" : "denodo_hol_bank",
  "viewFields" : [ {
    "id" : 84,
    "name" : "address",
    "logicalName" : null,
    "description" : "Street address of the customer",
    "lastModificationIsst" : null,
    "vdpOrder" : 6,
    "fieldProperties" : [ {
      "viewId" : null,
      "fieldName" : null,
      "propName" : "type",
      "propValue" : "text"
    } ]
  }, {
    "id" : 85,
    "name" : "assets_value",
    "logicalName" : null,
    "description" : "",
    "lastModificationIsst" : null,
    "vdpOrder" : 26,
    "fieldProperties" : [ {
      "viewId" : null,
      "fieldName" : null,
      "propName" : "type",
      "propValue" : "float"
    } ]
  }, {
    "id" : 86,
    "name" : "city",
    "logicalName" : null,
    "description" : "City where the customer resides",
    "lastModificationIsst" : null,
    "vdpOrder" : 7,
    "fieldProperties" : [ {
      "viewId" : null,
      "fieldName" : null,
      "propName" : "type",
      "propValue" : "text"
    } ]
  }, {
    "id" : 87,
    "name" : "customer_id",
    "logicalName" : null,
    "description" : "Unique identifier of the customer",
    "lastModificationIsst" : null,
    "vdpOrder" : 1,
    "fieldProperties" : [ {
      "viewId" : null,
      "fieldName" : null,
      "propName" : "type",
      "propValue" : "int"
    } ]
  }, {
    "id" : 88,
    "name" : "email",
    "logicalName" : null,
    "description" : "Email address of the customer",
    "lastModificationIsst" : null,
    "vdpOrder" : 4,
    "fieldProperties" : [ {
      "viewId" : null,
      "fieldName" : null,
      "propName" : "type",
      "propValue" : "text"
    } ]
  }, {
    "id" : 89,
    "name" : "first_name",
    "logicalName" : null,
    "description" : "First name of the customer",
    "lastModificationIsst" : null,
    "vdpOrder" : 2,
    "fieldProperties" : [ {
      "viewId" : null,
      "fieldName" : null,
      "propName" : "type",
      "propValue" : "text"
    } ]
  }, {
    "id" : 90,
    "name" : "last_name",
    "logicalName" : null,
    "description" : "Last name of the customer",
    "lastModificationIsst" : null,
    "vdpOrder" : 3,
    "fieldProperties" : [ {
      "viewId" : null,
      "fieldName" : null,
      "propName" : "type",
      "propValue" : "text"
    } ]
  }, {
    "id" : 91,
    "name" : "mcaprank",
    "logicalName" : null,
    "description" : "Market capitalization rank of the security (converted to float)",
    "lastModificationIsst" : null,
    "vdpOrder" : 15,
    "fieldProperties" : [ {
      "viewId" : null,
      "fieldName" : null,
      "propName" : "type",
      "propValue" : "float"
    } ]
  }, {
    "id" : 92,
    "name" : "ordervolume",
    "logicalName" : null,
    "description" : "Order volume of the security in thousands (converted to float)",
    "lastModificationIsst" : null,
    "vdpOrder" : 19,
    "fieldProperties" : [ {
      "viewId" : null,
      "fieldName" : null,
      "propName" : "type",
      "propValue" : "float"
    } ]
  }, {
    "id" : 93,
    "name" : "phone_number",
    "logicalName" : null,
    "description" : "Phone number of the customer",
    "lastModificationIsst" : null,
    "vdpOrder" : 5,
    "fieldProperties" : [ {
      "viewId" : null,
      "fieldName" : null,
      "propName" : "type",
      "propValue" : "text"
    } ]
  }, {
    "id" : 94,
    "name" : "pricerank",
    "logicalName" : null,
    "description" : "Price rank of the security (converted to float)",
    "lastModificationIsst" : null,
    "vdpOrder" : 18,
    "fieldProperties" : [ {
      "viewId" : null,
      "fieldName" : null,
      "propName" : "type",
      "propValue" : "float"
    } ]
  }, {
    "id" : 95,
    "name" : "security",
    "logicalName" : null,
    "description" : "Name or type of the security being evaluated",
    "lastModificationIsst" : null,
    "vdpOrder" : 13,
    "fieldProperties" : [ {
      "viewId" : null,
      "fieldName" : null,
      "propName" : "type",
      "propValue" : "text"
    } ]
  }, {
    "id" : 96,
    "name" : "security_metric_date",
    "logicalName" : null,
    "description" : "Date of the security metric record (converted to localdate)",
    "lastModificationIsst" : null,
    "vdpOrder" : 12,
    "fieldProperties" : [ {
      "viewId" : null,
      "fieldName" : null,
      "propName" : "type",
      "propValue" : "localdate"
    } ]
  }, {
    "id" : 97,
    "name" : "state",
    "logicalName" : null,
    "description" : "State where the customer resides",
    "lastModificationIsst" : null,
    "vdpOrder" : 8,
    "fieldProperties" : [ {
      "viewId" : null,
      "fieldName" : null,
      "propName" : "type",
      "propValue" : "text"
    } ]
  }, {
    "id" : 98,
    "name" : "stock_ticker",
    "logicalName" : null,
    "description" : "Ticker symbol of the stock held by the customer",
    "lastModificationIsst" : null,
    "vdpOrder" : 10,
    "fieldProperties" : [ {
      "viewId" : null,
      "fieldName" : null,
      "propName" : "type",
      "propValue" : "text"
    } ]
  }, {
    "id" : 99,
    "name" : "stocks_purchased",
    "logicalName" : null,
    "description" : "Quantity of stocks purchased by the customer (converted to integer)",
    "lastModificationIsst" : null,
    "vdpOrder" : 11,
    "fieldProperties" : [ {
      "viewId" : null,
      "fieldName" : null,
      "propName" : "type",
      "propValue" : "int"
    } ]
  }, {
    "id" : 100,
    "name" : "ticker",
    "logicalName" : null,
    "description" : "Ticker symbol of the security",
    "lastModificationIsst" : null,
    "vdpOrder" : 14,
    "fieldProperties" : [ {
      "viewId" : null,
      "fieldName" : null,
      "propName" : "type",
      "propValue" : "text"
    } ]
  }, {
    "id" : 101,
    "name" : "ticker_close",
    "logicalName" : null,
    "description" : "Closing price of the stock on the specified date (converted to float)",
    "lastModificationIsst" : null,
    "vdpOrder" : 21,
    "fieldProperties" : [ {
      "viewId" : null,
      "fieldName" : null,
      "propName" : "type",
      "propValue" : "float"
    } ]
  }, {
    "id" : 102,
    "name" : "ticker_date",
    "logicalName" : null,
    "description" : "Date of the stock record (converted to localdate)",
    "lastModificationIsst" : null,
    "vdpOrder" : 20,
    "fieldProperties" : [ {
      "viewId" : null,
      "fieldName" : null,
      "propName" : "type",
      "propValue" : "localdate"
    } ]
  }, {
    "id" : 103,
    "name" : "ticker_high",
    "logicalName" : null,
    "description" : "Highest price of the stock on the specified date (converted to float)",
    "lastModificationIsst" : null,
    "vdpOrder" : 24,
    "fieldProperties" : [ {
      "viewId" : null,
      "fieldName" : null,
      "propName" : "type",
      "propValue" : "float"
    } ]
  }, {
    "id" : 104,
    "name" : "ticker_low",
    "logicalName" : null,
    "description" : "Lowest price of the stock on the specified date (converted to float)",
    "lastModificationIsst" : null,
    "vdpOrder" : 25,
    "fieldProperties" : [ {
      "viewId" : null,
      "fieldName" : null,
      "propName" : "type",
      "propValue" : "float"
    } ]
  }, {
    "id" : 105,
    "name" : "ticker_open",
    "logicalName" : null,
    "description" : "Opening price of the stock on the specified date (converted to float)",
    "lastModificationIsst" : null,
    "vdpOrder" : 23,
    "fieldProperties" : [ {
      "viewId" : null,
      "fieldName" : null,
      "propName" : "type",
      "propValue" : "float"
    } ]
  }, {
    "id" : 106,
    "name" : "ticker_volume",
    "logicalName" : null,
    "description" : "Trading volume of the stock (converted to long)",
    "lastModificationIsst" : null,
    "vdpOrder" : 22,
    "fieldProperties" : [ {
      "viewId" : null,
      "fieldName" : null,
      "propName" : "type",
      "propValue" : "long"
    } ]
  }, {
    "id" : 107,
    "name" : "turnrank",
    "logicalName" : null,
    "description" : "Turnover rank of the security (converted to float)",
    "lastModificationIsst" : null,
    "vdpOrder" : 16,
    "fieldProperties" : [ {
      "viewId" : null,
      "fieldName" : null,
      "propName" : "type",
      "propValue" : "float"
    } ]
  }, {
    "id" : 108,
    "name" : "volatilityrank",
    "logicalName" : null,
    "description" : "Volatility rank of the security (converted to float)",
    "lastModificationIsst" : null,
    "vdpOrder" : 17,
    "fieldProperties" : [ {
      "viewId" : null,
      "fieldName" : null,
      "propName" : "type",
      "propValue" : "float"
    } ]
  }, {
    "id" : 109,
    "name" : "zip_code",
    "logicalName" : null,
    "description" : "Postal code of the customer's address",
    "lastModificationIsst" : null,
    "vdpOrder" : 9,
    "fieldProperties" : [ {
      "viewId" : null,
      "fieldName" : null,
      "propName" : "type",
      "propValue" : "text"
    } ]
  } ],
  "assignedToCategory" : false,
  "assignedToTag" : false
}, {
  "id" : 9,
  "name" : "p_customer_stock_holdings",
  "description" : "",
  "descriptionType" : "TEXT",
  "searchDescription" : "",
  "synchDate" : "2024-10-18T21:52:51.855+00:00",
  "lastModificationVdpData" : "2024-08-23T15:30:58.000+00:00",
  "lastModificationIsstData" : "2024-10-18T21:12:22.813+00:00",
  "databaseId" : 2,
  "dbName" : null,
  "fieldsTagged" : null,
  "databaseName" : "denodo_hol_bank",
  "viewFields" : [ {
    "id" : 110,
    "name" : "customer_stock_ticker",
    "logicalName" : null,
    "description" : "Ticker symbol of the stock held by the customer",
    "lastModificationIsst" : null,
    "vdpOrder" : 2,
    "fieldProperties" : [ {
      "viewId" : null,
      "fieldName" : null,
      "propName" : "type",
      "propValue" : "text"
    } ]
  }, {
    "id" : 111,
    "name" : "customer_stocks_purchased",
    "logicalName" : null,
    "description" : "Quantity of stocks purchased by the customer (converted to integer)",
    "lastModificationIsst" : null,
    "vdpOrder" : 3,
    "fieldProperties" : [ {
      "viewId" : null,
      "fieldName" : null,
      "propName" : "type",
      "propValue" : "int"
    } ]
  }, {
    "id" : 112,
    "name" : "email",
    "logicalName" : null,
    "description" : "Email address of the customer",
    "lastModificationIsst" : null,
    "vdpOrder" : 1,
    "fieldProperties" : [ {
      "viewId" : null,
      "fieldName" : null,
      "propName" : "type",
      "propValue" : "text"
    } ]
  } ],
  "assignedToCategory" : false,
  "assignedToTag" : false
}, {
  "id" : 10,
  "name" : "p_customers",
  "description" : "",
  "descriptionType" : "TEXT",
  "searchDescription" : "",
  "synchDate" : "2024-10-18T21:52:51.872+00:00",
  "lastModificationVdpData" : "2024-08-23T15:30:58.000+00:00",
  "lastModificationIsstData" : "2024-10-18T21:12:22.813+00:00",
  "databaseId" : 2,
  "dbName" : null,
  "fieldsTagged" : null,
  "databaseName" : "denodo_hol_bank",
  "viewFields" : [ {
    "id" : 113,
    "name" : "address",
    "logicalName" : null,
    "description" : "Street address of the customer",
    "lastModificationIsst" : null,
    "vdpOrder" : 6,
    "fieldProperties" : [ {
      "viewId" : null,
      "fieldName" : null,
      "propName" : "type",
      "propValue" : "text"
    } ]
  }, {
    "id" : 114,
    "name" : "city",
    "logicalName" : null,
    "description" : "City where the customer resides",
    "lastModificationIsst" : null,
    "vdpOrder" : 7,
    "fieldProperties" : [ {
      "viewId" : null,
      "fieldName" : null,
      "propName" : "type",
      "propValue" : "text"
    } ]
  }, {
    "id" : 115,
    "name" : "customer_id",
    "logicalName" : null,
    "description" : "Unique identifier of the customer",
    "lastModificationIsst" : null,
    "vdpOrder" : 1,
    "fieldProperties" : [ {
      "viewId" : null,
      "fieldName" : null,
      "propName" : "type",
      "propValue" : "int"
    } ]
  }, {
    "id" : 116,
    "name" : "email",
    "logicalName" : null,
    "description" : "Email address of the customer",
    "lastModificationIsst" : null,
    "vdpOrder" : 4,
    "fieldProperties" : [ {
      "viewId" : null,
      "fieldName" : null,
      "propName" : "type",
      "propValue" : "text"
    } ]
  }, {
    "id" : 117,
    "name" : "first_name",
    "logicalName" : null,
    "description" : "First name of the customer",
    "lastModificationIsst" : null,
    "vdpOrder" : 2,
    "fieldProperties" : [ {
      "viewId" : null,
      "fieldName" : null,
      "propName" : "type",
      "propValue" : "text"
    } ]
  }, {
    "id" : 118,
    "name" : "last_name",
    "logicalName" : null,
    "description" : "Last name of the customer",
    "lastModificationIsst" : null,
    "vdpOrder" : 3,
    "fieldProperties" : [ {
      "viewId" : null,
      "fieldName" : null,
      "propName" : "type",
      "propValue" : "text"
    } ]
  }, {
    "id" : 119,
    "name" : "phone_number",
    "logicalName" : null,
    "description" : "Phone number of the customer",
    "lastModificationIsst" : null,
    "vdpOrder" : 5,
    "fieldProperties" : [ {
      "viewId" : null,
      "fieldName" : null,
      "propName" : "type",
      "propValue" : "text"
    } ]
  }, {
    "id" : 120,
    "name" : "state",
    "logicalName" : null,
    "description" : "State where the customer resides",
    "lastModificationIsst" : null,
    "vdpOrder" : 8,
    "fieldProperties" : [ {
      "viewId" : null,
      "fieldName" : null,
      "propName" : "type",
      "propValue" : "text"
    } ]
  }, {
    "id" : 121,
    "name" : "zip_code",
    "logicalName" : null,
    "description" : "Postal code of the customer's address",
    "lastModificationIsst" : null,
    "vdpOrder" : 9,
    "fieldProperties" : [ {
      "viewId" : null,
      "fieldName" : null,
      "propName" : "type",
      "propValue" : "text"
    } ]
  } ],
  "assignedToCategory" : false,
  "assignedToTag" : false
}, {
  "id" : 11,
  "name" : "p_security_metrics",
  "description" : "",
  "descriptionType" : "TEXT",
  "searchDescription" : "",
  "synchDate" : "2024-10-18T21:52:51.881+00:00",
  "lastModificationVdpData" : "2024-08-23T15:30:58.000+00:00",
  "lastModificationIsstData" : "2024-10-18T21:12:22.813+00:00",
  "databaseId" : 2,
  "dbName" : null,
  "fieldsTagged" : null,
  "databaseName" : "denodo_hol_bank",
  "viewFields" : [ {
    "id" : 122,
    "name" : "mcaprank",
    "logicalName" : null,
    "description" : "Market capitalization rank of the security (converted to float)",
    "lastModificationIsst" : null,
    "vdpOrder" : 4,
    "fieldProperties" : [ {
      "viewId" : null,
      "fieldName" : null,
      "propName" : "type",
      "propValue" : "float"
    } ]
  }, {
    "id" : 123,
    "name" : "ordervolume",
    "logicalName" : null,
    "description" : "Order volume of the security in thousands (converted to float)",
    "lastModificationIsst" : null,
    "vdpOrder" : 8,
    "fieldProperties" : [ {
      "viewId" : null,
      "fieldName" : null,
      "propName" : "type",
      "propValue" : "float"
    } ]
  }, {
    "id" : 124,
    "name" : "pricerank",
    "logicalName" : null,
    "description" : "Price rank of the security (converted to float)",
    "lastModificationIsst" : null,
    "vdpOrder" : 7,
    "fieldProperties" : [ {
      "viewId" : null,
      "fieldName" : null,
      "propName" : "type",
      "propValue" : "float"
    } ]
  }, {
    "id" : 125,
    "name" : "security",
    "logicalName" : null,
    "description" : "Name or type of the security being evaluated",
    "lastModificationIsst" : null,
    "vdpOrder" : 2,
    "fieldProperties" : [ {
      "viewId" : null,
      "fieldName" : null,
      "propName" : "type",
      "propValue" : "text"
    } ]
  }, {
    "id" : 126,
    "name" : "ticker",
    "logicalName" : null,
    "description" : "Ticker symbol of the security",
    "lastModificationIsst" : null,
    "vdpOrder" : 3,
    "fieldProperties" : [ {
      "viewId" : null,
      "fieldName" : null,
      "propName" : "type",
      "propValue" : "text"
    } ]
  }, {
    "id" : 127,
    "name" : "ticker_date",
    "logicalName" : null,
    "description" : "Date of the security metric record (converted to localdate)",
    "lastModificationIsst" : null,
    "vdpOrder" : 1,
    "fieldProperties" : [ {
      "viewId" : null,
      "fieldName" : null,
      "propName" : "type",
      "propValue" : "localdate"
    } ]
  }, {
    "id" : 128,
    "name" : "turnrank",
    "logicalName" : null,
    "description" : "Turnover rank of the security (converted to float)",
    "lastModificationIsst" : null,
    "vdpOrder" : 5,
    "fieldProperties" : [ {
      "viewId" : null,
      "fieldName" : null,
      "propName" : "type",
      "propValue" : "float"
    } ]
  }, {
    "id" : 129,
    "name" : "volatilityrank",
    "logicalName" : null,
    "description" : "Volatility rank of the security (converted to float)",
    "lastModificationIsst" : null,
    "vdpOrder" : 6,
    "fieldProperties" : [ {
      "viewId" : null,
      "fieldName" : null,
      "propName" : "type",
      "propValue" : "float"
    } ]
  } ],
  "assignedToCategory" : false,
  "assignedToTag" : false
}, {
  "id" : 12,
  "name" : "p_ticker_api",
  "description" : "",
  "descriptionType" : "TEXT",
  "searchDescription" : "",
  "synchDate" : "2024-10-18T21:52:51.886+00:00",
  "lastModificationVdpData" : "2024-08-23T15:30:58.000+00:00",
  "lastModificationIsstData" : "2024-10-18T21:12:22.813+00:00",
  "databaseId" : 2,
  "dbName" : null,
  "fieldsTagged" : null,
  "databaseName" : "denodo_hol_bank",
  "viewFields" : [ {
    "id" : 130,
    "name" : "ticker",
    "logicalName" : null,
    "description" : "Ticker symbol of the stock",
    "lastModificationIsst" : null,
    "vdpOrder" : 1,
    "fieldProperties" : [ {
      "viewId" : null,
      "fieldName" : null,
      "propName" : "type",
      "propValue" : "text"
    } ]
  }, {
    "id" : 131,
    "name" : "ticker_close",
    "logicalName" : null,
    "description" : "Closing price of the stock on the specified date (converted to float)",
    "lastModificationIsst" : null,
    "vdpOrder" : 3,
    "fieldProperties" : [ {
      "viewId" : null,
      "fieldName" : null,
      "propName" : "type",
      "propValue" : "float"
    } ]
  }, {
    "id" : 132,
    "name" : "ticker_date",
    "logicalName" : null,
    "description" : "Date of the stock record (converted to localdate)",
    "lastModificationIsst" : null,
    "vdpOrder" : 2,
    "fieldProperties" : [ {
      "viewId" : null,
      "fieldName" : null,
      "propName" : "type",
      "propValue" : "localdate"
    } ]
  }, {
    "id" : 133,
    "name" : "ticker_high",
    "logicalName" : null,
    "description" : "Highest price of the stock on the specified date (converted to float)",
    "lastModificationIsst" : null,
    "vdpOrder" : 6,
    "fieldProperties" : [ {
      "viewId" : null,
      "fieldName" : null,
      "propName" : "type",
      "propValue" : "float"
    } ]
  }, {
    "id" : 134,
    "name" : "ticker_low",
    "logicalName" : null,
    "description" : "Lowest price of the stock on the specified date (converted to float)",
    "lastModificationIsst" : null,
    "vdpOrder" : 7,
    "fieldProperties" : [ {
      "viewId" : null,
      "fieldName" : null,
      "propName" : "type",
      "propValue" : "float"
    } ]
  }, {
    "id" : 135,
    "name" : "ticker_open",
    "logicalName" : null,
    "description" : "Opening price of the stock on the specified date (converted to float)",
    "lastModificationIsst" : null,
    "vdpOrder" : 5,
    "fieldProperties" : [ {
      "viewId" : null,
      "fieldName" : null,
      "propName" : "type",
      "propValue" : "float"
    } ]
  }, {
    "id" : 136,
    "name" : "ticker_volume",
    "logicalName" : null,
    "description" : "Trading volume of the stock (converted to long)",
    "lastModificationIsst" : null,
    "vdpOrder" : 4,
    "fieldProperties" : [ {
      "viewId" : null,
      "fieldName" : null,
      "propName" : "type",
      "propValue" : "long"
    } ]
  } ],
  "assignedToCategory" : false,
  "assignedToTag" : false
}, {
  "id" : 13,
  "name" : "sd_customer_stock_holdings",
  "description" : "",
  "descriptionType" : "TEXT",
  "searchDescription" : "",
  "synchDate" : "2024-10-18T21:52:51.888+00:00",
  "lastModificationVdpData" : "2024-08-23T15:30:58.000+00:00",
  "lastModificationIsstData" : "2024-10-18T21:12:22.813+00:00",
  "databaseId" : 2,
  "dbName" : null,
  "fieldsTagged" : null,
  "databaseName" : "denodo_hol_bank",
  "viewFields" : [ {
    "id" : 137,
    "name" : "email",
    "logicalName" : "Email",
    "description" : "Email address of the customer",
    "lastModificationIsst" : null,
    "vdpOrder" : 1,
    "fieldProperties" : [ {
      "viewId" : null,
      "fieldName" : null,
      "propName" : "type",
      "propValue" : "text"
    } ]
  }, {
    "id" : 138,
    "name" : "stock_ticker",
    "logicalName" : "Ticker Symbol",
    "description" : "Ticker symbol of the stock held by the customer",
    "lastModificationIsst" : null,
    "vdpOrder" : 2,
    "fieldProperties" : [ {
      "viewId" : null,
      "fieldName" : null,
      "propName" : "type",
      "propValue" : "text"
    } ]
  }, {
    "id" : 139,
    "name" : "stocks_purchased",
    "logicalName" : "Stocks Purchased",
    "description" : "Quantity of stocks purchased by the customer (converted to integer)",
    "lastModificationIsst" : null,
    "vdpOrder" : 3,
    "fieldProperties" : [ {
      "viewId" : null,
      "fieldName" : null,
      "propName" : "type",
      "propValue" : "int"
    } ]
  } ],
  "assignedToCategory" : false,
  "assignedToTag" : false
}, {
  "id" : 14,
  "name" : "sd_security_metrics",
  "description" : "",
  "descriptionType" : "TEXT",
  "searchDescription" : "",
  "synchDate" : "2024-10-18T21:52:51.895+00:00",
  "lastModificationVdpData" : "2024-08-23T15:30:58.000+00:00",
  "lastModificationIsstData" : "2024-10-18T21:12:22.813+00:00",
  "databaseId" : 2,
  "dbName" : null,
  "fieldsTagged" : null,
  "databaseName" : "denodo_hol_bank",
  "viewFields" : [ {
    "id" : 140,
    "name" : "date",
    "logicalName" : "Metric Record Date",
    "description" : "Date of the security metric record (converted to localdate)",
    "lastModificationIsst" : null,
    "vdpOrder" : 1,
    "fieldProperties" : [ {
      "viewId" : null,
      "fieldName" : null,
      "propName" : "type",
      "propValue" : "localdate"
    } ]
  }, {
    "id" : 141,
    "name" : "mcaprank",
    "logicalName" : "Market Capitalization Rank",
    "description" : "Market capitalization rank of the security (converted to float)",
    "lastModificationIsst" : null,
    "vdpOrder" : 4,
    "fieldProperties" : [ {
      "viewId" : null,
      "fieldName" : null,
      "propName" : "type",
      "propValue" : "float"
    } ]
  }, {
    "id" : 142,
    "name" : "ordervolume",
    "logicalName" : "Order Volume",
    "description" : "Order volume of the security in thousands (converted to float)",
    "lastModificationIsst" : null,
    "vdpOrder" : 8,
    "fieldProperties" : [ {
      "viewId" : null,
      "fieldName" : null,
      "propName" : "type",
      "propValue" : "float"
    } ]
  }, {
    "id" : 143,
    "name" : "pricerank",
    "logicalName" : "Price Rank",
    "description" : "Price rank of the security (converted to float)",
    "lastModificationIsst" : null,
    "vdpOrder" : 7,
    "fieldProperties" : [ {
      "viewId" : null,
      "fieldName" : null,
      "propName" : "type",
      "propValue" : "float"
    } ]
  }, {
    "id" : 144,
    "name" : "security",
    "logicalName" : "Security Name",
    "description" : "Name or type of the security being evaluated",
    "lastModificationIsst" : null,
    "vdpOrder" : 2,
    "fieldProperties" : [ {
      "viewId" : null,
      "fieldName" : null,
      "propName" : "type",
      "propValue" : "text"
    } ]
  }, {
    "id" : 145,
    "name" : "ticker",
    "logicalName" : "Ticker Symbol",
    "description" : "Ticker symbol of the security",
    "lastModificationIsst" : null,
    "vdpOrder" : 3,
    "fieldProperties" : [ {
      "viewId" : null,
      "fieldName" : null,
      "propName" : "type",
      "propValue" : "text"
    } ]
  }, {
    "id" : 146,
    "name" : "turnrank",
    "logicalName" : "Turnover Rank",
    "description" : "Turnover rank of the security (converted to float)",
    "lastModificationIsst" : null,
    "vdpOrder" : 5,
    "fieldProperties" : [ {
      "viewId" : null,
      "fieldName" : null,
      "propName" : "type",
      "propValue" : "float"
    } ]
  }, {
    "id" : 147,
    "name" : "volatilityrank",
    "logicalName" : "Volatility Rank",
    "description" : "Volatility rank of the security (converted to float)",
    "lastModificationIsst" : null,
    "vdpOrder" : 6,
    "fieldProperties" : [ {
      "viewId" : null,
      "fieldName" : null,
      "propName" : "type",
      "propValue" : "float"
    } ]
  } ],
  "assignedToCategory" : false,
  "assignedToTag" : false
}, {
  "id" : 15,
  "name" : "sd_ticker_api",
  "description" : "",
  "descriptionType" : "TEXT",
  "searchDescription" : "",
  "synchDate" : "2025-01-13T18:38:32.088+00:00",
  "lastModificationVdpData" : "2024-08-23T15:30:58.000+00:00",
  "lastModificationIsstData" : "2024-10-18T21:12:22.813+00:00",
  "databaseId" : 2,
  "dbName" : null,
  "fieldsTagged" : null,
  "databaseName" : "denodo_hol_bank",
  "viewFields" : [ {
    "id" : 148,
    "name" : "close",
    "logicalName" : "Closing Price",
    "description" : "Closing price of the stock on the specified date (converted to float)",
    "lastModificationIsst" : null,
    "vdpOrder" : 4,
    "fieldProperties" : [ {
      "viewId" : null,
      "fieldName" : null,
      "propName" : "type",
      "propValue" : "float"
    } ]
  }, {
    "id" : 149,
    "name" : "date",
    "logicalName" : "Stock Record Date",
    "description" : "Date of the stock record (converted to localdate)",
    "lastModificationIsst" : null,
    "vdpOrder" : 3,
    "fieldProperties" : [ {
      "viewId" : null,
      "fieldName" : null,
      "propName" : "type",
      "propValue" : "localdate"
    } ]
  }, {
    "id" : 150,
    "name" : "high",
    "logicalName" : "Highest Price",
    "description" : "Highest price of the stock on the specified date (converted to float)",
    "lastModificationIsst" : null,
    "vdpOrder" : 7,
    "fieldProperties" : [ {
      "viewId" : null,
      "fieldName" : null,
      "propName" : "type",
      "propValue" : "float"
    } ]
  }, {
    "id" : 151,
    "name" : "low",
    "logicalName" : "Lowest Price",
    "description" : "Lowest price of the stock on the specified date (converted to float)",
    "lastModificationIsst" : null,
    "vdpOrder" : 8,
    "fieldProperties" : [ {
      "viewId" : null,
      "fieldName" : null,
      "propName" : "type",
      "propValue" : "float"
    } ]
  }, {
    "id" : 152,
    "name" : "open",
    "logicalName" : "Opening Price",
    "description" : "Opening price of the stock on the specified date (converted to float)",
    "lastModificationIsst" : null,
    "vdpOrder" : 6,
    "fieldProperties" : [ {
      "viewId" : null,
      "fieldName" : null,
      "propName" : "type",
      "propValue" : "float"
    } ]
  }, {
    "id" : 153,
    "name" : "ticker",
    "logicalName" : "Ticker Symbol",
    "description" : "Ticker symbol of the stock",
    "lastModificationIsst" : null,
    "vdpOrder" : 2,
    "fieldProperties" : [ {
      "viewId" : null,
      "fieldName" : null,
      "propName" : "type",
      "propValue" : "text"
    } ]
  }, {
    "id" : 154,
    "name" : "volume",
    "logicalName" : "Trading Volume",
    "description" : "Trading volume of the stock (converted to long)",
    "lastModificationIsst" : null,
    "vdpOrder" : 5,
    "fieldProperties" : [ {
      "viewId" : null,
      "fieldName" : null,
      "propName" : "type",
      "propValue" : "long"
    } ]
  } ],
  "assignedToCategory" : false,
  "assignedToTag" : false
}, {
  "id" : 16,
  "name" : "bv_bank_customers",
  "description" : "",
  "descriptionType" : "TEXT",
  "searchDescription" : "",
  "synchDate" : "2025-01-13T18:38:31.856+00:00",
  "lastModificationVdpData" : "2025-01-13T17:12:42.000+00:00",
  "lastModificationIsstData" : null,
  "databaseId" : 2,
  "dbName" : null,
  "fieldsTagged" : null,
  "databaseName" : "denodo_hol_bank",
  "viewFields" : [ {
    "id" : 155,
    "name" : "address",
    "logicalName" : null,
    "description" : "Street address of the customer",
    "lastModificationIsst" : null,
    "vdpOrder" : 6,
    "fieldProperties" : [ {
      "viewId" : null,
      "fieldName" : null,
      "propName" : "type",
      "propValue" : "text"
    } ]
  }, {
    "id" : 156,
    "name" : "city",
    "logicalName" : null,
    "description" : "City where the customer resides",
    "lastModificationIsst" : null,
    "vdpOrder" : 7,
    "fieldProperties" : [ {
      "viewId" : null,
      "fieldName" : null,
      "propName" : "type",
      "propValue" : "text"
    } ]
  }, {
    "id" : 157,
    "name" : "customer_id",
    "logicalName" : null,
    "description" : "Unique identifier of the customer",
    "lastModificationIsst" : null,
    "vdpOrder" : 1,
    "fieldProperties" : [ {
      "viewId" : null,
      "fieldName" : null,
      "propName" : "type",
      "propValue" : "int"
    } ]
  }, {
    "id" : 158,
    "name" : "email",
    "logicalName" : null,
    "description" : "Email address of the customer",
    "lastModificationIsst" : null,
    "vdpOrder" : 4,
    "fieldProperties" : [ {
      "viewId" : null,
      "fieldName" : null,
      "propName" : "type",
      "propValue" : "text"
    } ]
  }, {
    "id" : 159,
    "name" : "first_name",
    "logicalName" : null,
    "description" : "First name of the customer",
    "lastModificationIsst" : null,
    "vdpOrder" : 2,
    "fieldProperties" : [ {
      "viewId" : null,
      "fieldName" : null,
      "propName" : "type",
      "propValue" : "text"
    } ]
  }, {
    "id" : 160,
    "name" : "last_name",
    "logicalName" : null,
    "description" : "Last name of the customer",
    "lastModificationIsst" : null,
    "vdpOrder" : 3,
    "fieldProperties" : [ {
      "viewId" : null,
      "fieldName" : null,
      "propName" : "type",
      "propValue" : "text"
    } ]
  }, {
    "id" : 161,
    "name" : "phone_number",
    "logicalName" : null,
    "description" : "Phone number of the customer",
    "lastModificationIsst" : null,
    "vdpOrder" : 5,
    "fieldProperties" : [ {
      "viewId" : null,
      "fieldName" : null,
      "propName" : "type",
      "propValue" : "text"
    } ]
  }, {
    "id" : 162,
    "name" : "state",
    "logicalName" : null,
    "description" : "State where the customer resides",
    "lastModificationIsst" : null,
    "vdpOrder" : 8,
    "fieldProperties" : [ {
      "viewId" : null,
      "fieldName" : null,
      "propName" : "type",
      "propValue" : "text"
    } ]
  }, {
    "id" : 163,
    "name" : "zip_code",
    "logicalName" : null,
    "description" : "Postal code of the customer's address",
    "lastModificationIsst" : null,
    "vdpOrder" : 9,
    "fieldProperties" : [ {
      "viewId" : null,
      "fieldName" : null,
      "propName" : "type",
      "propValue" : "text"
    } ]
  } ],
  "assignedToCategory" : false,
  "assignedToTag" : false
}, {
  "id" : 17,
  "name" : "bv_bank_loan_officers",
  "description" : "",
  "descriptionType" : "TEXT",
  "searchDescription" : "",
  "synchDate" : "2025-01-13T18:38:31.859+00:00",
  "lastModificationVdpData" : "2025-01-13T17:12:43.000+00:00",
  "lastModificationIsstData" : null,
  "databaseId" : 2,
  "dbName" : null,
  "fieldsTagged" : null,
  "databaseName" : "denodo_hol_bank",
  "viewFields" : [ {
    "id" : 164,
    "name" : "email",
    "logicalName" : null,
    "description" : "Email address of the loan officer",
    "lastModificationIsst" : null,
    "vdpOrder" : 4,
    "fieldProperties" : [ {
      "viewId" : null,
      "fieldName" : null,
      "propName" : "type",
      "propValue" : "text"
    } ]
  }, {
    "id" : 165,
    "name" : "first_name",
    "logicalName" : null,
    "description" : "First name of the loan officer",
    "lastModificationIsst" : null,
    "vdpOrder" : 2,
    "fieldProperties" : [ {
      "viewId" : null,
      "fieldName" : null,
      "propName" : "type",
      "propValue" : "text"
    } ]
  }, {
    "id" : 166,
    "name" : "last_name",
    "logicalName" : null,
    "description" : "Last name of the loan officer",
    "lastModificationIsst" : null,
    "vdpOrder" : 3,
    "fieldProperties" : [ {
      "viewId" : null,
      "fieldName" : null,
      "propName" : "type",
      "propValue" : "text"
    } ]
  }, {
    "id" : 167,
    "name" : "loan_officer_id",
    "logicalName" : null,
    "description" : "Unique identifier of the loan officer",
    "lastModificationIsst" : null,
    "vdpOrder" : 1,
    "fieldProperties" : [ {
      "viewId" : null,
      "fieldName" : null,
      "propName" : "type",
      "propValue" : "int"
    } ]
  }, {
    "id" : 168,
    "name" : "phone_number",
    "logicalName" : null,
    "description" : "Phone number of the loan officer",
    "lastModificationIsst" : null,
    "vdpOrder" : 5,
    "fieldProperties" : [ {
      "viewId" : null,
      "fieldName" : null,
      "propName" : "type",
      "propValue" : "text"
    } ]
  } ],
  "assignedToCategory" : false,
  "assignedToTag" : false
}, {
  "id" : 18,
  "name" : "bv_bank_loans",
  "description" : "",
  "descriptionType" : "TEXT",
  "searchDescription" : "",
  "synchDate" : "2025-02-05T15:32:32.217+00:00",
  "lastModificationVdpData" : "2025-01-13T17:12:44.000+00:00",
  "lastModificationIsstData" : null,
  "databaseId" : 2,
  "dbName" : null,
  "fieldsTagged" : null,
  "databaseName" : "denodo_hol_bank",
  "viewFields" : [ {
    "id" : 169,
    "name" : "customer_id",
    "logicalName" : null,
    "description" : "Unique identifier of the customer who took the loan",
    "lastModificationIsst" : null,
    "vdpOrder" : 2,
    "fieldProperties" : [ {
      "viewId" : null,
      "fieldName" : null,
      "propName" : "type",
      "propValue" : "int"
    } ]
  }, {
    "id" : 170,
    "name" : "interest_rate",
    "logicalName" : null,
    "description" : "Interest rate applied to the loan",
    "lastModificationIsst" : null,
    "vdpOrder" : 4,
    "fieldProperties" : [ {
      "viewId" : null,
      "fieldName" : null,
      "propName" : "type",
      "propValue" : "double"
    } ]
  }, {
    "id" : 171,
    "name" : "loan_amount",
    "logicalName" : null,
    "description" : "Total amount of the loan",
    "lastModificationIsst" : null,
    "vdpOrder" : 3,
    "fieldProperties" : [ {
      "viewId" : null,
      "fieldName" : null,
      "propName" : "type",
      "propValue" : "double"
    } ]
  }, {
    "id" : 172,
    "name" : "loan_id",
    "logicalName" : null,
    "description" : "Unique identifier of the loan",
    "lastModificationIsst" : null,
    "vdpOrder" : 1,
    "fieldProperties" : [ {
      "viewId" : null,
      "fieldName" : null,
      "propName" : "type",
      "propValue" : "int"
    } ]
  }, {
    "id" : 173,
    "name" : "loan_officer_id",
    "logicalName" : null,
    "description" : "Unique identifier of the loan officer handling the loan",
    "lastModificationIsst" : null,
    "vdpOrder" : 7,
    "fieldProperties" : [ {
      "viewId" : null,
      "fieldName" : null,
      "propName" : "type",
      "propValue" : "int"
    } ]
  }, {
    "id" : 174,
    "name" : "property_id",
    "logicalName" : null,
    "description" : "Unique identifier of the property being financed",
    "lastModificationIsst" : null,
    "vdpOrder" : 6,
    "fieldProperties" : [ {
      "viewId" : null,
      "fieldName" : null,
      "propName" : "type",
      "propValue" : "int"
    } ]
  }, {
    "id" : 175,
    "name" : "status",
    "logicalName" : null,
    "description" : "Current status of the loan (e.g., approved, rejected, pending)",
    "lastModificationIsst" : null,
    "vdpOrder" : 8,
    "fieldProperties" : [ {
      "viewId" : null,
      "fieldName" : null,
      "propName" : "type",
      "propValue" : "text"
    } ]
  }, {
    "id" : 176,
    "name" : "term",
    "logicalName" : null,
    "description" : "Term duration of the loan in months or years",
    "lastModificationIsst" : null,
    "vdpOrder" : 5,
    "fieldProperties" : [ {
      "viewId" : null,
      "fieldName" : null,
      "propName" : "type",
      "propValue" : "int"
    } ]
  } ],
  "assignedToCategory" : false,
  "assignedToTag" : false
}, {
  "id" : 19,
  "name" : "bv_bank_payments",
  "description" : "",
  "descriptionType" : "TEXT",
  "searchDescription" : "",
  "synchDate" : "2025-01-13T18:38:31.859+00:00",
  "lastModificationVdpData" : "2025-01-13T17:12:43.000+00:00",
  "lastModificationIsstData" : null,
  "databaseId" : 2,
  "dbName" : null,
  "fieldsTagged" : null,
  "databaseName" : "denodo_hol_bank",
  "viewFields" : [ {
    "id" : 177,
    "name" : "loan_id",
    "logicalName" : null,
    "description" : "Unique identifier of the loan for which the payment is made",
    "lastModificationIsst" : null,
    "vdpOrder" : 2,
    "fieldProperties" : [ {
      "viewId" : null,
      "fieldName" : null,
      "propName" : "type",
      "propValue" : "int"
    } ]
  }, {
    "id" : 178,
    "name" : "payment_amount",
    "logicalName" : null,
    "description" : "Amount of the payment made",
    "lastModificationIsst" : null,
    "vdpOrder" : 3,
    "fieldProperties" : [ {
      "viewId" : null,
      "fieldName" : null,
      "propName" : "type",
      "propValue" : "double"
    } ]
  }, {
    "id" : 179,
    "name" : "payment_date",
    "logicalName" : null,
    "description" : "Date the payment was made",
    "lastModificationIsst" : null,
    "vdpOrder" : 4,
    "fieldProperties" : [ {
      "viewId" : null,
      "fieldName" : null,
      "propName" : "type",
      "propValue" : "text"
    } ]
  }, {
    "id" : 180,
    "name" : "payment_id",
    "logicalName" : null,
    "description" : "Unique identifier of the payment",
    "lastModificationIsst" : null,
    "vdpOrder" : 1,
    "fieldProperties" : [ {
      "viewId" : null,
      "fieldName" : null,
      "propName" : "type",
      "propValue" : "int"
    } ]
  } ],
  "assignedToCategory" : false,
  "assignedToTag" : false
}, {
  "id" : 20,
  "name" : "bv_bank_properties",
  "description" : "",
  "descriptionType" : "TEXT",
  "searchDescription" : "",
  "synchDate" : "2025-01-13T18:38:31.859+00:00",
  "lastModificationVdpData" : "2025-01-13T17:12:44.000+00:00",
  "lastModificationIsstData" : null,
  "databaseId" : 2,
  "dbName" : null,
  "fieldsTagged" : null,
  "databaseName" : "denodo_hol_bank",
  "viewFields" : [ {
    "id" : 181,
    "name" : "address",
    "logicalName" : null,
    "description" : "Street address of the property",
    "lastModificationIsst" : null,
    "vdpOrder" : 2,
    "fieldProperties" : [ {
      "viewId" : null,
      "fieldName" : null,
      "propName" : "type",
      "propValue" : "text"
    } ]
  }, {
    "id" : 182,
    "name" : "city",
    "logicalName" : null,
    "description" : "City where the property is located",
    "lastModificationIsst" : null,
    "vdpOrder" : 3,
    "fieldProperties" : [ {
      "viewId" : null,
      "fieldName" : null,
      "propName" : "type",
      "propValue" : "text"
    } ]
  }, {
    "id" : 183,
    "name" : "property_id",
    "logicalName" : null,
    "description" : "Unique identifier of the property",
    "lastModificationIsst" : null,
    "vdpOrder" : 1,
    "fieldProperties" : [ {
      "viewId" : null,
      "fieldName" : null,
      "propName" : "type",
      "propValue" : "int"
    } ]
  }, {
    "id" : 184,
    "name" : "property_value",
    "logicalName" : null,
    "description" : "Assessed value of the property",
    "lastModificationIsst" : null,
    "vdpOrder" : 6,
    "fieldProperties" : [ {
      "viewId" : null,
      "fieldName" : null,
      "propName" : "type",
      "propValue" : "double"
    } ]
  }, {
    "id" : 185,
    "name" : "state",
    "logicalName" : null,
    "description" : "State where the property is located",
    "lastModificationIsst" : null,
    "vdpOrder" : 4,
    "fieldProperties" : [ {
      "viewId" : null,
      "fieldName" : null,
      "propName" : "type",
      "propValue" : "text"
    } ]
  }, {
    "id" : 186,
    "name" : "zip_code",
    "logicalName" : null,
    "description" : "Postal code of the property location",
    "lastModificationIsst" : null,
    "vdpOrder" : 5,
    "fieldProperties" : [ {
      "viewId" : null,
      "fieldName" : null,
      "propName" : "type",
      "propValue" : "text"
    } ]
  } ],
  "assignedToCategory" : false,
  "assignedToTag" : false
}, {
  "id" : 21,
  "name" : "bv_bank_rates",
  "description" : "",
  "descriptionType" : "TEXT",
  "searchDescription" : "",
  "synchDate" : "2025-01-13T18:38:31.859+00:00",
  "lastModificationVdpData" : "2025-01-13T17:12:36.000+00:00",
  "lastModificationIsstData" : null,
  "databaseId" : 2,
  "dbName" : null,
  "fieldsTagged" : null,
  "databaseName" : "denodo_hol_bank",
  "viewFields" : [ {
    "id" : 187,
    "name" : "interest_rate",
    "logicalName" : null,
    "description" : "Interest rate percentage for the loan type",
    "lastModificationIsst" : null,
    "vdpOrder" : 4,
    "fieldProperties" : [ {
      "viewId" : null,
      "fieldName" : null,
      "propName" : "type",
      "propValue" : "double"
    } ]
  }, {
    "id" : 188,
    "name" : "loan_type",
    "logicalName" : null,
    "description" : "Type of loan associated with the rate (e.g., mortgage, personal)",
    "lastModificationIsst" : null,
    "vdpOrder" : 2,
    "fieldProperties" : [ {
      "viewId" : null,
      "fieldName" : null,
      "propName" : "type",
      "propValue" : "text"
    } ]
  }, {
    "id" : 189,
    "name" : "rate_id",
    "logicalName" : null,
    "description" : "Unique identifier of the interest rate",
    "lastModificationIsst" : null,
    "vdpOrder" : 1,
    "fieldProperties" : [ {
      "viewId" : null,
      "fieldName" : null,
      "propName" : "type",
      "propValue" : "int"
    } ]
  }, {
    "id" : 190,
    "name" : "term",
    "logicalName" : null,
    "description" : "Loan term duration in months or years",
    "lastModificationIsst" : null,
    "vdpOrder" : 3,
    "fieldProperties" : [ {
      "viewId" : null,
      "fieldName" : null,
      "propName" : "type",
      "propValue" : "int"
    } ]
  } ],
  "assignedToCategory" : false,
  "assignedToTag" : false
}, {
  "id" : 22,
  "name" : "bv_bank_underwriting",
  "description" : "",
  "descriptionType" : "TEXT",
  "searchDescription" : "",
  "synchDate" : "2025-01-13T18:38:31.859+00:00",
  "lastModificationVdpData" : "2025-01-13T17:12:44.000+00:00",
  "lastModificationIsstData" : null,
  "databaseId" : 2,
  "dbName" : null,
  "fieldsTagged" : null,
  "databaseName" : "denodo_hol_bank",
  "viewFields" : [ {
    "id" : 191,
    "name" : "credit_score",
    "logicalName" : null,
    "description" : "Credit score of the customer during underwriting",
    "lastModificationIsst" : null,
    "vdpOrder" : 3,
    "fieldProperties" : [ {
      "viewId" : null,
      "fieldName" : null,
      "propName" : "type",
      "propValue" : "int"
    } ]
  }, {
    "id" : 192,
    "name" : "employment_history",
    "logicalName" : null,
    "description" : "Employment history of the customer during underwriting",
    "lastModificationIsst" : null,
    "vdpOrder" : 4,
    "fieldProperties" : [ {
      "viewId" : null,
      "fieldName" : null,
      "propName" : "type",
      "propValue" : "text"
    } ]
  }, {
    "id" : 193,
    "name" : "financial_history",
    "logicalName" : null,
    "description" : "Financial history of the customer during underwriting",
    "lastModificationIsst" : null,
    "vdpOrder" : 5,
    "fieldProperties" : [ {
      "viewId" : null,
      "fieldName" : null,
      "propName" : "type",
      "propValue" : "text"
    } ]
  }, {
    "id" : 194,
    "name" : "loan_id",
    "logicalName" : null,
    "description" : "Unique identifier of the associated loan",
    "lastModificationIsst" : null,
    "vdpOrder" : 2,
    "fieldProperties" : [ {
      "viewId" : null,
      "fieldName" : null,
      "propName" : "type",
      "propValue" : "int"
    } ]
  }, {
    "id" : 195,
    "name" : "underwriting_id",
    "logicalName" : null,
    "description" : "Unique identifier of the underwriting record",
    "lastModificationIsst" : null,
    "vdpOrder" : 1,
    "fieldProperties" : [ {
      "viewId" : null,
      "fieldName" : null,
      "propName" : "type",
      "propValue" : "int"
    } ]
  } ],
  "assignedToCategory" : false,
  "assignedToTag" : false
}, {
  "id" : 24,
  "name" : "bv_s3_service_interactions",
  "description" : "",
  "descriptionType" : "TEXT",
  "searchDescription" : "",
  "synchDate" : "2025-01-13T18:38:31.859+00:00",
  "lastModificationVdpData" : "2025-01-13T17:14:14.000+00:00",
  "lastModificationIsstData" : null,
  "databaseId" : 3,
  "dbName" : null,
  "fieldsTagged" : null,
  "databaseName" : "denodo_hol_services",
  "viewFields" : [ {
    "id" : 199,
    "name" : "email",
    "logicalName" : null,
    "description" : "",
    "lastModificationIsst" : null,
    "vdpOrder" : 4,
    "fieldProperties" : [ {
      "viewId" : null,
      "fieldName" : null,
      "propName" : "type",
      "propValue" : "text"
    } ]
  }, {
    "id" : 200,
    "name" : "interaction_id",
    "logicalName" : null,
    "description" : "",
    "lastModificationIsst" : null,
    "vdpOrder" : 1,
    "fieldProperties" : [ {
      "viewId" : null,
      "fieldName" : null,
      "propName" : "type",
      "propValue" : "text"
    } ]
  }, {
    "id" : 201,
    "name" : "message_0",
    "logicalName" : null,
    "description" : "",
    "lastModificationIsst" : null,
    "vdpOrder" : 5,
    "fieldProperties" : [ {
      "viewId" : null,
      "fieldName" : null,
      "propName" : "type",
      "propValue" : "text"
    } ]
  }, {
    "id" : 202,
    "name" : "persona",
    "logicalName" : null,
    "description" : "",
    "lastModificationIsst" : null,
    "vdpOrder" : 3,
    "fieldProperties" : [ {
      "viewId" : null,
      "fieldName" : null,
      "propName" : "type",
      "propValue" : "text"
    } ]
  }, {
    "id" : 203,
    "name" : "timestamp",
    "logicalName" : null,
    "description" : "",
    "lastModificationIsst" : null,
    "vdpOrder" : 2,
    "fieldProperties" : [ {
      "viewId" : null,
      "fieldName" : null,
      "propName" : "type",
      "propValue" : "text"
    } ]
  } ],
  "assignedToCategory" : false,
  "assignedToTag" : false
}, {
  "id" : 25,
  "name" : "bv_service_interactions",
  "description" : "",
  "descriptionType" : "TEXT",
  "searchDescription" : "",
  "synchDate" : "2025-01-13T18:38:31.860+00:00",
  "lastModificationVdpData" : "2025-01-13T17:14:15.000+00:00",
  "lastModificationIsstData" : null,
  "databaseId" : 3,
  "dbName" : null,
  "fieldsTagged" : null,
  "databaseName" : "denodo_hol_services",
  "viewFields" : [ {
    "id" : 204,
    "name" : "email",
    "logicalName" : null,
    "description" : "",
    "lastModificationIsst" : null,
    "vdpOrder" : 4,
    "fieldProperties" : [ {
      "viewId" : null,
      "fieldName" : null,
      "propName" : "type",
      "propValue" : "text"
    } ]
  }, {
    "id" : 205,
    "name" : "interaction_id",
    "logicalName" : null,
    "description" : "",
    "lastModificationIsst" : null,
    "vdpOrder" : 1,
    "fieldProperties" : [ {
      "viewId" : null,
      "fieldName" : null,
      "propName" : "type",
      "propValue" : "text"
    } ]
  }, {
    "id" : 206,
    "name" : "message",
    "logicalName" : null,
    "description" : "",
    "lastModificationIsst" : null,
    "vdpOrder" : 5,
    "fieldProperties" : [ {
      "viewId" : null,
      "fieldName" : null,
      "propName" : "type",
      "propValue" : "text"
    } ]
  }, {
    "id" : 207,
    "name" : "persona",
    "logicalName" : null,
    "description" : "",
    "lastModificationIsst" : null,
    "vdpOrder" : 3,
    "fieldProperties" : [ {
      "viewId" : null,
      "fieldName" : null,
      "propName" : "type",
      "propValue" : "text"
    } ]
  }, {
    "id" : 208,
    "name" : "timestamp",
    "logicalName" : null,
    "description" : "",
    "lastModificationIsst" : null,
    "vdpOrder" : 2,
    "fieldProperties" : [ {
      "viewId" : null,
      "fieldName" : null,
      "propName" : "type",
      "propValue" : "text"
    } ]
  } ],
  "assignedToCategory" : false,
  "assignedToTag" : false
}, {
  "id" : 26,
  "name" : "iv_service_interactions",
  "description" : "",
  "descriptionType" : "TEXT",
  "searchDescription" : "",
  "synchDate" : "2025-01-13T18:38:31.860+00:00",
  "lastModificationVdpData" : "2025-01-13T17:15:32.000+00:00",
  "lastModificationIsstData" : null,
  "databaseId" : 3,
  "dbName" : null,
  "fieldsTagged" : null,
  "databaseName" : "denodo_hol_services",
  "viewFields" : [ {
    "id" : 209,
    "name" : "email",
    "logicalName" : null,
    "description" : "",
    "lastModificationIsst" : null,
    "vdpOrder" : 4,
    "fieldProperties" : [ {
      "viewId" : null,
      "fieldName" : null,
      "propName" : "type",
      "propValue" : "text"
    } ]
  }, {
    "id" : 210,
    "name" : "interaction_id",
    "logicalName" : null,
    "description" : "",
    "lastModificationIsst" : null,
    "vdpOrder" : 1,
    "fieldProperties" : [ {
      "viewId" : null,
      "fieldName" : null,
      "propName" : "type",
      "propValue" : "text"
    } ]
  }, {
    "id" : 211,
    "name" : "message",
    "logicalName" : null,
    "description" : "",
    "lastModificationIsst" : null,
    "vdpOrder" : 5,
    "fieldProperties" : [ {
      "viewId" : null,
      "fieldName" : null,
      "propName" : "type",
      "propValue" : "text"
    } ]
  }, {
    "id" : 212,
    "name" : "persona",
    "logicalName" : null,
    "description" : "",
    "lastModificationIsst" : null,
    "vdpOrder" : 3,
    "fieldProperties" : [ {
      "viewId" : null,
      "fieldName" : null,
      "propName" : "type",
      "propValue" : "text"
    } ]
  }, {
    "id" : 213,
    "name" : "timestamp",
    "logicalName" : null,
    "description" : "",
    "lastModificationIsst" : null,
    "vdpOrder" : 2,
    "fieldProperties" : [ {
      "viewId" : null,
      "fieldName" : null,
      "propName" : "type",
      "propValue" : "text"
    } ]
  } ],
  "assignedToCategory" : false,
  "assignedToTag" : false
}, {
  "id" : 27,
  "name" : "service_interactions",
  "description" : "",
  "descriptionType" : "TEXT",
  "searchDescription" : "",
  "synchDate" : "2025-01-13T18:38:31.860+00:00",
  "lastModificationVdpData" : "2025-01-13T17:15:33.000+00:00",
  "lastModificationIsstData" : null,
  "databaseId" : 3,
  "dbName" : null,
  "fieldsTagged" : null,
  "databaseName" : "denodo_hol_services",
  "viewFields" : [ {
    "id" : 214,
    "name" : "email",
    "logicalName" : null,
    "description" : "",
    "lastModificationIsst" : null,
    "vdpOrder" : 4,
    "fieldProperties" : [ {
      "viewId" : null,
      "fieldName" : null,
      "propName" : "type",
      "propValue" : "text"
    } ]
  }, {
    "id" : 215,
    "name" : "interaction_id",
    "logicalName" : null,
    "description" : "",
    "lastModificationIsst" : null,
    "vdpOrder" : 1,
    "fieldProperties" : [ {
      "viewId" : null,
      "fieldName" : null,
      "propName" : "type",
      "propValue" : "text"
    } ]
  }, {
    "id" : 216,
    "name" : "message",
    "logicalName" : null,
    "description" : "",
    "lastModificationIsst" : null,
    "vdpOrder" : 5,
    "fieldProperties" : [ {
      "viewId" : null,
      "fieldName" : null,
      "propName" : "type",
      "propValue" : "text"
    } ]
  }, {
    "id" : 217,
    "name" : "persona",
    "logicalName" : null,
    "description" : "",
    "lastModificationIsst" : null,
    "vdpOrder" : 3,
    "fieldProperties" : [ {
      "viewId" : null,
      "fieldName" : null,
      "propName" : "type",
      "propValue" : "text"
    } ]
  }, {
    "id" : 218,
    "name" : "timestamp",
    "logicalName" : null,
    "description" : "",
    "lastModificationIsst" : null,
    "vdpOrder" : 2,
    "fieldProperties" : [ {
      "viewId" : null,
      "fieldName" : null,
      "propName" : "type",
      "propValue" : "text"
    } ]
  } ],
  "assignedToCategory" : false,
  "assignedToTag" : false
} ]