[ {
  "id" : 1,
  "type" : 1,
  "name" : "ping_query_view",
  "description" : "",
  "descriptionType" : "TEXT",
  "searchDescription" : "",
  "synchDate" : "2024-10-18T21:12:24.063+00:00",
  "lastModificationVdpData" : "2024-09-04T21:45:06.000+00:00",
  "lastModificationIsstData" : null,
  "databaseId" : 1,
  "databaseName" : "admin",
  "operationList" : [ {
    "opId" : 1,
    "name" : "ping_query_view",
    "paramList" : [ {
      "id" : 1,
      "name" : "field1",
      "input" : true,
      "output" : true,
      "mandatory" : false,
      "fieldDesc" : null,
      "fieldOperator" : null,
      "fieldType" : "int"
    } ]
  } ],
  "assignedToCategory" : false,
  "assignedToTag" : false
} ]