[ {
  "databaseId" : 1,
  "serverId" : 1,
  "databaseName" : "admin",
  "databaseDescription" : "admin database",
  "searchDescription" : "admin database",
  "descriptionType" : "TEXT",
  "synchDate" : "2025-09-30T15:12:10.009+00:00",
  "lastModificationDate" : null
}, {
  "databaseId" : 2,
  "serverId" : 1,
  "databaseName" : "denodo_hol_bank",
  "databaseDescription" : "Denodo GenAI workshop - Bank database",
  "searchDescription" : "Denodo GenAI workshop - Bank database",
  "descriptionType" : "TEXT",
  "synchDate" : "2025-09-30T15:12:10.012+00:00",
  "lastModificationDate" : null
}, {
  "databaseId" : 3,
  "serverId" : 1,
  "databaseName" : "denodo_hol_services",
  "databaseDescription" : "Denodo GenAI workshop - Services database",
  "searchDescription" : "Denodo GenAI workshop - Services database",
  "descriptionType" : "TEXT",
  "synchDate" : "2025-09-30T15:12:10.013+00:00",
  "lastModificationDate" : null
}, {
  "databaseId" : 4,
  "serverId" : 1,
  "databaseName" : "denodo_hol_bank_demo",
  "databaseDescription" : "Database for storing the views for chatbot, irrespective of from different industries",
  "searchDescription" : "Database for storing the views for chatbot, irrespective of from different industries",
  "descriptionType" : "TEXT",
  "synchDate" : "2025-09-30T16:52:47.771+00:00",
  "lastModificationDate" : null
} ]