[ {
  "databaseId" : 1,
  "serverId" : 1,
  "databaseName" : "admin",
  "databaseDescription" : "admin database",
  "searchDescription" : "admin database",
  "descriptionType" : "TEXT",
  "synchDate" : "2025-01-13T15:50:50.837+00:00",
  "lastModificationDate" : null
}, {
  "databaseId" : 3,
  "serverId" : 1,
  "databaseName" : "denodo_hol_bank",
  "databaseDescription" : "Denodo GenAI workshop - Bank database",
  "searchDescription" : "Denodo GenAI workshop - Bank database",
  "descriptionType" : "TEXT",
  "synchDate" : "2025-01-13T18:38:26.937+00:00",
  "lastModificationDate" : null
}, {
  "databaseId" : 7,
  "serverId" : 1,
  "databaseName" : "denodo_hol_services",
  "databaseDescription" : "Denodo GenAI workshop - Services database",
  "searchDescription" : "Denodo GenAI workshop - Services database",
  "descriptionType" : "TEXT",
  "synchDate" : "2025-01-13T18:38:26.874+00:00",
  "lastModificationDate" : null
} ]