[ {
  "databaseId" : 1,
  "serverId" : 1,
  "databaseName" : "admin",
  "databaseDescription" : "admin database",
  "searchDescription" : "admin database",
  "descriptionType" : "TEXT",
  "synchDate" : "2025-02-05T15:13:38.845+00:00",
  "lastModificationDate" : null
}, {
  "databaseId" : 2,
  "serverId" : 1,
  "databaseName" : "denodo_hol_bank",
  "databaseDescription" : "Denodo GenAI workshop - Bank database",
  "searchDescription" : "Denodo GenAI workshop - Bank database",
  "descriptionType" : "TEXT",
  "synchDate" : "2025-02-05T15:13:38.848+00:00",
  "lastModificationDate" : null
}, {
  "databaseId" : 3,
  "serverId" : 1,
  "databaseName" : "denodo_hol_services",
  "databaseDescription" : "Denodo GenAI workshop - Services database",
  "searchDescription" : "Denodo GenAI workshop - Services database",
  "descriptionType" : "TEXT",
  "synchDate" : "2025-02-05T15:13:38.849+00:00",
  "lastModificationDate" : null
} ]