{
  "GLOBAL_PARAMETER" : [ {
    "name" : "statisticsReferenceDate",
    "value" : "2024-09-04T20:44:53.695728463Z",
    "binaryValue" : null,
    "description" : null,
    "defaultValue" : null
  }, {
    "name" : "ELEMENTS_TO_SHOW",
    "value" : "BOTH",
    "binaryValue" : null,
    "description" : null,
    "defaultValue" : null
  }, {
    "name" : "BROWSE_BY_ELEMENTS",
    "value" : "SHOW_ALL",
    "binaryValue" : null,
    "description" : null,
    "defaultValue" : null
  }, {
    "name" : "RESULTS_LIST_STYLE",
    "value" : "LIST",
    "binaryValue" : null,
    "description" : null,
    "defaultValue" : null
  }, {
    "name" : "SHOW_LOGICAL_FIELD_NAMES",
    "value" : "YES",
    "binaryValue" : null,
    "description" : null,
    "defaultValue" : null
  }, {
    "name" : "SELECT_SUBCATEGORIES",
    "value" : "NO",
    "binaryValue" : null,
    "description" : null,
    "defaultValue" : null
  }, {
    "name" : "ALLOW_SAVED_QUERIES",
    "value" : "YES",
    "binaryValue" : null,
    "description" : null,
    "defaultValue" : null
  }, {
    "name" : "ALLOW_COPY_QUERY_RESULTS",
    "value" : "YES",
    "binaryValue" : null,
    "description" : null,
    "defaultValue" : null
  }, {
    "name" : "expressionRecommendationsCollection.isEnabled",
    "value" : "YES",
    "binaryValue" : null,
    "description" : null,
    "defaultValue" : null
  }, {
    "name" : "expressionRecommendationsSuggestion.isEnabled",
    "value" : "YES",
    "binaryValue" : null,
    "description" : null,
    "defaultValue" : null
  }, {
    "name" : "ALLOW_HTML_INPUTS",
    "value" : "YES",
    "binaryValue" : null,
    "description" : null,
    "defaultValue" : null
  }, {
    "name" : "SHOW_CUSTOM_VDP_MESSAGE",
    "value" : "NO",
    "binaryValue" : null,
    "description" : null,
    "defaultValue" : null
  }, {
    "name" : "COMMUNITY_RESOURCES",
    "value" : "YES",
    "binaryValue" : null,
    "description" : null,
    "defaultValue" : null
  }, {
    "name" : "showDatabaseConnectionURIs",
    "value" : "YES",
    "binaryValue" : null,
    "description" : null,
    "defaultValue" : null
  }, {
    "name" : "intro-text-connect-tab",
    "value" : null,
    "binaryValue" : null,
    "description" : null,
    "defaultValue" : null
  }, {
    "name" : "showViewConnectionURIs",
    "value" : "YES",
    "binaryValue" : null,
    "description" : null,
    "defaultValue" : null
  }, {
    "name" : "intro-text-view-connect",
    "value" : null,
    "binaryValue" : null,
    "description" : null,
    "defaultValue" : null
  }, {
    "name" : "showWebServiceConnectionURIs",
    "value" : "YES",
    "binaryValue" : null,
    "description" : null,
    "defaultValue" : null
  }, {
    "name" : "intro-text-ws-connect",
    "value" : null,
    "binaryValue" : null,
    "description" : null,
    "defaultValue" : null
  }, {
    "name" : "jdbc-uri",
    "value" : "jdbc:denodo://$vdp_host:$vdp_port/$database_name?user=$user_name&password=<Your_Password_Here>",
    "binaryValue" : null,
    "description" : null,
    "defaultValue" : null
  }, {
    "name" : "odbc32bits-uri",
    "value" : "DRIVER={DenodoODBC Unicode};DATABASE=$database_name;SERVER=$vdp_host;PORT=$odbc_port;UID=<Your_UID_Here>;PWD=<Your_Password_Here>",
    "binaryValue" : null,
    "description" : null,
    "defaultValue" : null
  }, {
    "name" : "odbc64bits-uri",
    "value" : "DRIVER={DenodoODBC Unicode(x64)};DATABASE=$database_name;SERVER=$vdp_host;PORT=$odbc_port;UID=<Your_UID_Here>;PWD=<Your_Password_Here>",
    "binaryValue" : null,
    "description" : null,
    "defaultValue" : null
  }, {
    "name" : "graphql-uri",
    "value" : "$protocol://$vdp_host:$webcontainer_port/denodo-graphql-service/graphql/$database_name",
    "binaryValue" : null,
    "description" : null,
    "defaultValue" : null
  }, {
    "name" : "rest-uri",
    "value" : "$protocol://$vdp_host:$webcontainer_port/denodo-restfulws/$database_name/",
    "binaryValue" : null,
    "description" : null,
    "defaultValue" : null
  }, {
    "name" : "rest-view-uri",
    "value" : "$protocol://$vdp_host:$webcontainer_port/denodo-restfulws/$database_name/views/$view_name",
    "binaryValue" : null,
    "description" : null,
    "defaultValue" : null
  }, {
    "name" : "odata-uri",
    "value" : "$protocol://$vdp_host:$webcontainer_port/denodo-odata4-service/denodo-odata.svc/$database_name",
    "binaryValue" : null,
    "description" : null,
    "defaultValue" : null
  }, {
    "name" : "odata-view-uri",
    "value" : "$protocol://$vdp_host:$webcontainer_port/denodo-odata4-service/denodo-odata.svc/$database_name/$view_name",
    "binaryValue" : null,
    "description" : null,
    "defaultValue" : null
  }, {
    "name" : "ws-uri",
    "value" : "$protocol://$vdp_host:$webcontainer_port/$deployment_context",
    "binaryValue" : null,
    "description" : null,
    "defaultValue" : null
  }, {
    "name" : "openapi-viewer-ws-uri",
    "value" : "$protocol://$vdp_host:$webcontainer_port/swagger-ui/index.html?url=$protocol://$vdp_host:$webcontainer_port/$deployment_context/OpenAPIv3/openapi.json",
    "binaryValue" : null,
    "description" : null,
    "defaultValue" : null
  }, {
    "name" : "SHOW_POWERBI_BUTTON",
    "value" : "YES",
    "binaryValue" : null,
    "description" : null,
    "defaultValue" : null
  }, {
    "name" : "POWERBI_DSN",
    "value" : null,
    "binaryValue" : null,
    "description" : null,
    "defaultValue" : null
  }, {
    "name" : "SHOW_TABLEAU_BUTTON",
    "value" : "YES",
    "binaryValue" : null,
    "description" : null,
    "defaultValue" : null
  }, {
    "name" : "TABLEAU_CONNECTOR_TYPE",
    "value" : "JDBC",
    "binaryValue" : null,
    "description" : null,
    "defaultValue" : null
  }, {
    "name" : "TABLEAU_CONNECTION_HOST",
    "value" : null,
    "binaryValue" : null,
    "description" : null,
    "defaultValue" : null
  }, {
    "name" : "TABLEAU_CONNECTION_PORT",
    "value" : null,
    "binaryValue" : null,
    "description" : null,
    "defaultValue" : null
  }, {
    "name" : "TABLEAU_CONNECTION_DATABASE",
    "value" : null,
    "binaryValue" : null,
    "description" : null,
    "defaultValue" : null
  }, {
    "name" : "TABLEAU_CONNECTION_REQUIRE_SSL",
    "value" : "NO",
    "binaryValue" : null,
    "description" : null,
    "defaultValue" : null
  }, {
    "name" : "TABLEAU_CONNECTION_USER_AGENT_FIELD",
    "value" : "Denodo-Tableau-JDBC-Connector",
    "binaryValue" : null,
    "description" : null,
    "defaultValue" : null
  }, {
    "name" : "TABLEAU_CONNECTION_JDBC_QUERY_TIMEOUT",
    "value" : "900000",
    "binaryValue" : null,
    "description" : null,
    "defaultValue" : null
  }, {
    "name" : "TABLEAU_CONNECTION_JDBC_CHUNK_SIZE",
    "value" : "1000",
    "binaryValue" : null,
    "description" : null,
    "defaultValue" : null
  }, {
    "name" : "TABLEAU_CONNECTION_JDBC_WAN_OPTIMIZED",
    "value" : "NO",
    "binaryValue" : null,
    "description" : null,
    "defaultValue" : null
  }, {
    "name" : "MAX_WORDS_NUMBER_IN_SEARCH_METADATA",
    "value" : "6",
    "binaryValue" : null,
    "description" : null,
    "defaultValue" : null
  }, {
    "name" : "com.denodo.datacatalog.datapreparation.sampling.enabled",
    "value" : "NO",
    "binaryValue" : null,
    "description" : null,
    "defaultValue" : null
  }, {
    "name" : "com.denodo.datacatalog.datapreparation.sampling.sampleSize",
    "value" : "1000",
    "binaryValue" : null,
    "description" : null,
    "defaultValue" : null
  }, {
    "name" : "com.denodo.datacatalog.datapreparation.sampling.method",
    "value" : "FIRST_RESULTS",
    "binaryValue" : null,
    "description" : null,
    "defaultValue" : null
  }, {
    "name" : "com.denodo.datacatalog.datapreparation.numResults",
    "value" : "100",
    "binaryValue" : null,
    "description" : null,
    "defaultValue" : null
  } ],
  "EXPORT_FORMAT" : [ {
    "exportFormatType" : "excel",
    "exportAllowed" : true,
    "exportHeader" : true,
    "onlyUserWithRoleExport" : false,
    "limitMaxRowsExport" : false,
    "maxRowsExport" : 0,
    "fieldDelimiter" : null,
    "numberFormatType" : "general",
    "decimalNumbers" : null,
    "datePattern" : "MMM d, yyyy",
    "timePattern" : "HH:mm:ss",
    "timestampPattern" : "MMM d, yyyy HH:mm:ss",
    "useBom" : false
  }, {
    "exportFormatType" : "tableau",
    "exportAllowed" : true,
    "exportHeader" : true,
    "onlyUserWithRoleExport" : false,
    "limitMaxRowsExport" : false,
    "maxRowsExport" : 0,
    "fieldDelimiter" : null,
    "numberFormatType" : null,
    "decimalNumbers" : null,
    "datePattern" : null,
    "timePattern" : null,
    "timestampPattern" : null,
    "useBom" : false
  }, {
    "exportFormatType" : "csv",
    "exportAllowed" : true,
    "exportHeader" : true,
    "onlyUserWithRoleExport" : false,
    "limitMaxRowsExport" : false,
    "maxRowsExport" : 0,
    "fieldDelimiter" : ",",
    "numberFormatType" : null,
    "decimalNumbers" : null,
    "datePattern" : null,
    "timePattern" : null,
    "timestampPattern" : null,
    "useBom" : true
  }, {
    "exportFormatType" : "html",
    "exportAllowed" : true,
    "exportHeader" : true,
    "onlyUserWithRoleExport" : false,
    "limitMaxRowsExport" : false,
    "maxRowsExport" : 0,
    "fieldDelimiter" : null,
    "numberFormatType" : null,
    "decimalNumbers" : null,
    "datePattern" : null,
    "timePattern" : null,
    "timestampPattern" : null,
    "useBom" : false
  }, {
    "exportFormatType" : "tableau-hyper",
    "exportAllowed" : true,
    "exportHeader" : true,
    "onlyUserWithRoleExport" : false,
    "limitMaxRowsExport" : false,
    "maxRowsExport" : 0,
    "fieldDelimiter" : null,
    "numberFormatType" : null,
    "decimalNumbers" : null,
    "datePattern" : null,
    "timePattern" : null,
    "timestampPattern" : null,
    "useBom" : false
  } ],
  "USER_CONFIGURATION" : {
    "custom-vdp-error" : "<?xml version=\"1.0\" encoding=\"UTF-8\"?>\n<java version=\"17.0.11\" class=\"java.beans.XMLDecoder\">\n <null/>\n</java>\n",
    "custom-message-login-page" : "<?xml version=\"1.0\" encoding=\"UTF-8\"?>\n<java version=\"17.0.11\" class=\"java.beans.XMLDecoder\">\n <null/>\n</java>\n"
  }
}