{
  "GLOBAL_PARAMETER" : [ {
    "name" : "statisticsReferenceDate",
    "value" : "2024-09-04T20:44:53.695728463Z",
    "binaryValue" : null,
    "description" : null,
    "defaultValue" : null
  }, {
    "name" : "ELEMENTS_TO_SHOW",
    "value" : "BOTH",
    "binaryValue" : null,
    "description" : null,
    "defaultValue" : null
  }, {
    "name" : "BROWSE_BY_ELEMENTS",
    "value" : "SHOW_ALL",
    "binaryValue" : null,
    "description" : null,
    "defaultValue" : null
  }, {
    "name" : "RESULTS_LIST_STYLE",
    "value" : "LIST",
    "binaryValue" : null,
    "description" : null,
    "defaultValue" : null
  }, {
    "name" : "SHOW_LOGICAL_FIELD_NAMES",
    "value" : "YES",
    "binaryValue" : null,
    "description" : null,
    "defaultValue" : null
  }, {
    "name" : "SELECT_SUBCATEGORIES",
    "value" : "NO",
    "binaryValue" : null,
    "description" : null,
    "defaultValue" : null
  } ],
  "EXPORT_FORMAT" : [ ]
}