[ {
  "id" : 10,
  "name" : "pii",
  "description" : "This tag is associated with columns or views containing Personal Identifiable Information (PII).",
  "descriptionType" : "TEXT",
  "searchDescription" : "This tag is associated with columns or views containing Personal Identifiable Information (PII).",
  "serverId" : 1
}, {
  "id" : 11,
  "name" : "raw",
  "description" : "The views tagged with this tag contain raw, unprocessed data coming directly from underlying systems.",
  "descriptionType" : "TEXT",
  "searchDescription" : "The views tagged with this tag contain raw, unprocessed data coming directly from underlying systems.",
  "serverId" : 1
}, {
  "id" : 12,
  "name" : "verified",
  "description" : "Views with this tag have been cleaned and reviewed. These views are ready for application access.",
  "descriptionType" : "TEXT",
  "searchDescription" : "Views with this tag have been cleaned and reviewed. These views are ready for application access.",
  "serverId" : 1
} ]