[ {
  "viewFieldId" : 2324,
  "tagId" : 10
}, {
  "viewFieldId" : 2325,
  "tagId" : 10
}, {
  "viewFieldId" : 2331,
  "tagId" : 10
}, {
  "viewFieldId" : 2332,
  "tagId" : 10
}, {
  "viewFieldId" : 2341,
  "tagId" : 10
}, {
  "viewFieldId" : 2396,
  "tagId" : 10
}, {
  "viewFieldId" : 2397,
  "tagId" : 10
}, {
  "viewFieldId" : 2405,
  "tagId" : 10
}, {
  "viewFieldId" : 2412,
  "tagId" : 10
}, {
  "viewFieldId" : 2413,
  "tagId" : 10
}, {
  "viewFieldId" : 2414,
  "tagId" : 10
}, {
  "viewFieldId" : 2423,
  "tagId" : 10
}, {
  "viewFieldId" : 2431,
  "tagId" : 10
}, {
  "viewFieldId" : 2432,
  "tagId" : 10
}, {
  "viewFieldId" : 2433,
  "tagId" : 10
}, {
  "viewFieldId" : 2441,
  "tagId" : 10
}, {
  "viewFieldId" : 2448,
  "tagId" : 10
}, {
  "viewFieldId" : 2461,
  "tagId" : 10
}, {
  "viewFieldId" : 2463,
  "tagId" : 10
}, {
  "viewFieldId" : 2474,
  "tagId" : 10
}, {
  "viewFieldId" : 2486,
  "tagId" : 10
}, {
  "viewFieldId" : 2495,
  "tagId" : 10
}, {
  "viewFieldId" : 2496,
  "tagId" : 10
}, {
  "viewFieldId" : 2502,
  "tagId" : 10
}, {
  "viewFieldId" : 2503,
  "tagId" : 10
} ]