[ {
  "viewId" : 2,
  "tagId" : 20
}, {
  "viewId" : 3,
  "tagId" : 20
}, {
  "viewId" : 4,
  "tagId" : 20
}, {
  "viewId" : 5,
  "tagId" : 21
}, {
  "viewId" : 6,
  "tagId" : 21
}, {
  "viewId" : 9,
  "tagId" : 21
}, {
  "viewId" : 10,
  "tagId" : 21
}, {
  "viewId" : 11,
  "tagId" : 21
}, {
  "viewId" : 12,
  "tagId" : 21
}, {
  "viewId" : 16,
  "tagId" : 20
}, {
  "viewId" : 17,
  "tagId" : 20
}, {
  "viewId" : 18,
  "tagId" : 20
}, {
  "viewId" : 19,
  "tagId" : 20
}, {
  "viewId" : 20,
  "tagId" : 20
}, {
  "viewId" : 21,
  "tagId" : 20
}, {
  "viewId" : 22,
  "tagId" : 20
} ]