[ {
  "viewId" : 17,
  "tagId" : 5
}, {
  "viewId" : 25,
  "tagId" : 5
}, {
  "viewId" : 26,
  "tagId" : 5
}, {
  "viewId" : 28,
  "tagId" : 6
}, {
  "viewId" : 29,
  "tagId" : 6
}, {
  "viewId" : 34,
  "tagId" : 6
}, {
  "viewId" : 35,
  "tagId" : 6
}, {
  "viewId" : 36,
  "tagId" : 6
}, {
  "viewId" : 37,
  "tagId" : 6
}, {
  "viewId" : 49,
  "tagId" : 5
}, {
  "viewId" : 50,
  "tagId" : 5
}, {
  "viewId" : 51,
  "tagId" : 5
}, {
  "viewId" : 52,
  "tagId" : 5
}, {
  "viewId" : 53,
  "tagId" : 5
}, {
  "viewId" : 54,
  "tagId" : 5
}, {
  "viewId" : 55,
  "tagId" : 5
} ]