[ {
  "viewFieldId" : 31,
  "tagId" : 19
}, {
  "viewFieldId" : 32,
  "tagId" : 19
}, {
  "viewFieldId" : 40,
  "tagId" : 19
}, {
  "viewFieldId" : 47,
  "tagId" : 19
}, {
  "viewFieldId" : 48,
  "tagId" : 19
}, {
  "viewFieldId" : 49,
  "tagId" : 19
}, {
  "viewFieldId" : 58,
  "tagId" : 19
}, {
  "viewFieldId" : 66,
  "tagId" : 19
}, {
  "viewFieldId" : 67,
  "tagId" : 19
}, {
  "viewFieldId" : 68,
  "tagId" : 19
}, {
  "viewFieldId" : 76,
  "tagId" : 19
}, {
  "viewFieldId" : 83,
  "tagId" : 19
}, {
  "viewFieldId" : 84,
  "tagId" : 19
}, {
  "viewFieldId" : 86,
  "tagId" : 19
}, {
  "viewFieldId" : 97,
  "tagId" : 19
}, {
  "viewFieldId" : 109,
  "tagId" : 19
}, {
  "viewFieldId" : 113,
  "tagId" : 19
}, {
  "viewFieldId" : 114,
  "tagId" : 19
}, {
  "viewFieldId" : 120,
  "tagId" : 19
}, {
  "viewFieldId" : 121,
  "tagId" : 19
}, {
  "viewFieldId" : 155,
  "tagId" : 19
}, {
  "viewFieldId" : 156,
  "tagId" : 19
}, {
  "viewFieldId" : 158,
  "tagId" : 19
}, {
  "viewFieldId" : 161,
  "tagId" : 19
}, {
  "viewFieldId" : 162,
  "tagId" : 19
}, {
  "viewFieldId" : 163,
  "tagId" : 19
}, {
  "viewFieldId" : 216,
  "tagId" : 19
}, {
  "viewFieldId" : 218,
  "tagId" : 19
}, {
  "viewFieldId" : 221,
  "tagId" : 19
}, {
  "viewFieldId" : 222,
  "tagId" : 19
}, {
  "viewFieldId" : 313,
  "tagId" : 19
}, {
  "viewFieldId" : 316,
  "tagId" : 19
}, {
  "viewFieldId" : 318,
  "tagId" : 19
}, {
  "viewFieldId" : 319,
  "tagId" : 19
} ]