[ {
  "viewFieldId" : 181,
  "tagId" : 4
}, {
  "viewFieldId" : 182,
  "tagId" : 4
}, {
  "viewFieldId" : 190,
  "tagId" : 4
}, {
  "viewFieldId" : 197,
  "tagId" : 4
}, {
  "viewFieldId" : 198,
  "tagId" : 4
}, {
  "viewFieldId" : 199,
  "tagId" : 4
}, {
  "viewFieldId" : 208,
  "tagId" : 4
}, {
  "viewFieldId" : 216,
  "tagId" : 4
}, {
  "viewFieldId" : 217,
  "tagId" : 4
}, {
  "viewFieldId" : 218,
  "tagId" : 4
}, {
  "viewFieldId" : 226,
  "tagId" : 4
}, {
  "viewFieldId" : 233,
  "tagId" : 4
}, {
  "viewFieldId" : 246,
  "tagId" : 4
}, {
  "viewFieldId" : 248,
  "tagId" : 4
}, {
  "viewFieldId" : 259,
  "tagId" : 4
}, {
  "viewFieldId" : 271,
  "tagId" : 4
}, {
  "viewFieldId" : 280,
  "tagId" : 4
}, {
  "viewFieldId" : 281,
  "tagId" : 4
}, {
  "viewFieldId" : 287,
  "tagId" : 4
}, {
  "viewFieldId" : 288,
  "tagId" : 4
} ]