[ {
  "viewId" : 19,
  "tagId" : 11
}, {
  "viewId" : 20,
  "tagId" : 11
}, {
  "viewId" : 22,
  "tagId" : 11
}, {
  "viewId" : 23,
  "tagId" : 11
}, {
  "viewId" : 24,
  "tagId" : 11
}, {
  "viewId" : 25,
  "tagId" : 11
}, {
  "viewId" : 26,
  "tagId" : 11
}, {
  "viewId" : 27,
  "tagId" : 11
}, {
  "viewId" : 28,
  "tagId" : 11
}, {
  "viewId" : 29,
  "tagId" : 11
}, {
  "viewId" : 30,
  "tagId" : 12
}, {
  "viewId" : 31,
  "tagId" : 12
}, {
  "viewId" : 36,
  "tagId" : 12
}, {
  "viewId" : 37,
  "tagId" : 12
}, {
  "viewId" : 38,
  "tagId" : 12
}, {
  "viewId" : 39,
  "tagId" : 12
}, {
  "viewId" : 58,
  "tagId" : 11
}, {
  "viewId" : 59,
  "tagId" : 11
} ]