[ {
  "viewFieldId" : 31,
  "tagId" : 4
}, {
  "viewFieldId" : 32,
  "tagId" : 4
}, {
  "viewFieldId" : 40,
  "tagId" : 4
}, {
  "viewFieldId" : 47,
  "tagId" : 4
}, {
  "viewFieldId" : 48,
  "tagId" : 4
}, {
  "viewFieldId" : 49,
  "tagId" : 4
}, {
  "viewFieldId" : 58,
  "tagId" : 4
}, {
  "viewFieldId" : 66,
  "tagId" : 4
}, {
  "viewFieldId" : 67,
  "tagId" : 4
}, {
  "viewFieldId" : 68,
  "tagId" : 4
}, {
  "viewFieldId" : 76,
  "tagId" : 4
}, {
  "viewFieldId" : 83,
  "tagId" : 4
}, {
  "viewFieldId" : 84,
  "tagId" : 4
}, {
  "viewFieldId" : 86,
  "tagId" : 4
}, {
  "viewFieldId" : 97,
  "tagId" : 4
}, {
  "viewFieldId" : 109,
  "tagId" : 4
}, {
  "viewFieldId" : 113,
  "tagId" : 4
}, {
  "viewFieldId" : 114,
  "tagId" : 4
}, {
  "viewFieldId" : 120,
  "tagId" : 4
}, {
  "viewFieldId" : 121,
  "tagId" : 4
} ]