<?xml version="1.0" encoding="UTF-8"?><!DOCTYPE config SYSTEM "custom-config.dtd"><config><element type="dataSource" subType="ARN-Index" draft="false"/><default-parameters><simple-param name="name"><value>Scheduler-Index</value></simple-param><simple-param name="login"><value>admin</value></simple-param><simple-param name="password"><value>admin</value></simple-param><simple-param name="host"><value>localhost</value></simple-param><simple-param name="port"><value>9000</value></simple-param></default-parameters></config>